-- phpMyAdmin SQL Dump
-- version 4.8.1
-- https://www.phpmyadmin.net/
--
-- Host: 127.0.0.1
-- Generation Time: Jan 17, 2019 at 07:08 AM
-- Server version: 10.1.33-MariaDB
-- PHP Version: 7.2.6

SET SQL_MODE = "NO_AUTO_VALUE_ON_ZERO";
SET AUTOCOMMIT = 0;
START TRANSACTION;
SET time_zone = "+00:00";


/*!40101 SET @OLD_CHARACTER_SET_CLIENT=@@CHARACTER_SET_CLIENT */;
/*!40101 SET @OLD_CHARACTER_SET_RESULTS=@@CHARACTER_SET_RESULTS */;
/*!40101 SET @OLD_COLLATION_CONNECTION=@@COLLATION_CONNECTION */;
/*!40101 SET NAMES utf8mb4 */;

--
-- Database: `smsku`
--

-- --------------------------------------------------------

--
-- Table structure for table `admin`
--

CREATE TABLE `admin` (
  `id_admin` varchar(20) NOT NULL,
  `nama_lengkap` varchar(30) NOT NULL,
  `nama_pengguna` varchar(10) NOT NULL,
  `kata_sandi` varchar(50) NOT NULL,
  `email` varchar(50) NOT NULL
) ENGINE=InnoDB DEFAULT CHARSET=latin1;

--
-- Dumping data for table `admin`
--

INSERT INTO `admin` (`id_admin`, `nama_lengkap`, `nama_pengguna`, `kata_sandi`, `email`) VALUES
('ADM-00001', 'dea satria', 'admin', 'admin', 'deasatria2@gmail.com'),
('ADM-00002', 'mulya', 'deasatria', 'deasatria', 'deaheheh@gmail.com'),
('ADM-00003', 'mulyana', 'Mulyana', '123', 'dedeas'),
('ADM-00004', 'dafa', 'Dafa', '12345', 'dafam@gmail.com');

-- --------------------------------------------------------

--
-- Table structure for table `auto_transaksi`
--

CREATE TABLE `auto_transaksi` (
  `no_faktur` varchar(12) NOT NULL,
  `id_pelanggan` varchar(25) NOT NULL,
  `id_pulsa` int(5) NOT NULL,
  `no_tlp` varchar(12) NOT NULL,
  `nominal` int(3) NOT NULL,
  `tgl` varchar(15) NOT NULL,
  `status` char(1) NOT NULL
) ENGINE=InnoDB DEFAULT CHARSET=latin1;

-- --------------------------------------------------------

--
-- Table structure for table `bayar_topup`
--

CREATE TABLE `bayar_topup` (
  `kd_bayar` varchar(16) NOT NULL,
  `kd_topup` varchar(16) NOT NULL,
  `nm_rek` varchar(30) NOT NULL,
  `jml_bayar` int(12) NOT NULL,
  `bukti_byar` varchar(50) NOT NULL
) ENGINE=InnoDB DEFAULT CHARSET=latin1;

--
-- Dumping data for table `bayar_topup`
--

INSERT INTO `bayar_topup` (`kd_bayar`, `kd_topup`, `nm_rek`, `jml_bayar`, `bukti_byar`) VALUES
('BYR-110119-00001', 'TP-110119-00001', 'Reinaldy', 62000, 'bukti_pembayaran/6898_Screenshot_2018-12-07-19-38-'),
('BYR-120119-00002', 'TP-120119-00001', 'Naufal Arinal Haq', 52000, 'bukti_pembayaran/1525_paymentslipbri.jpg'),
('BYR-120119-00003', 'TP-120119-00001', 'Naufal Arinal Haq', 52000, 'bukti_pembayaran/3616_paymentslipbri.jpg'),
('BYR-120119-00004', 'TP-120119-00001', 'Naufal Arinal Haq', 52000, 'bukti_pembayaran/997_paymentslipbri.jpg'),
('BYR-120119-00005', 'TP-120119-00002', 'Ridwan', 52000, 'bukti_pembayaran/5558_IMG-20190112-WA0015.jpg');

-- --------------------------------------------------------

--
-- Table structure for table `daemons`
--

CREATE TABLE `daemons` (
  `Start` text NOT NULL,
  `Info` text NOT NULL
) ENGINE=MyISAM DEFAULT CHARSET=utf8;

-- --------------------------------------------------------

--
-- Table structure for table `foto`
--

CREATE TABLE `foto` (
  `id_pelanggan` int(11) NOT NULL,
  `nama_foto` text NOT NULL
) ENGINE=InnoDB DEFAULT CHARSET=latin1;

-- --------------------------------------------------------

--
-- Table structure for table `gammu`
--

CREATE TABLE `gammu` (
  `Version` int(11) NOT NULL DEFAULT '0'
) ENGINE=MyISAM DEFAULT CHARSET=utf8;

--
-- Dumping data for table `gammu`
--

INSERT INTO `gammu` (`Version`) VALUES
(13);

-- --------------------------------------------------------

--
-- Table structure for table `inbox`
--

CREATE TABLE `inbox` (
  `UpdatedInDB` timestamp NOT NULL DEFAULT CURRENT_TIMESTAMP ON UPDATE CURRENT_TIMESTAMP,
  `ReceivingDateTime` timestamp NOT NULL DEFAULT '0000-00-00 00:00:00',
  `Text` text NOT NULL,
  `SenderNumber` varchar(20) NOT NULL DEFAULT '',
  `Coding` enum('Default_No_Compression','Unicode_No_Compression','8bit','Default_Compression','Unicode_Compression') NOT NULL DEFAULT 'Default_No_Compression',
  `UDH` text NOT NULL,
  `SMSCNumber` varchar(20) NOT NULL DEFAULT '',
  `Class` int(11) NOT NULL DEFAULT '-1',
  `TextDecoded` text NOT NULL,
  `ID` int(10) UNSIGNED NOT NULL,
  `RecipientID` text NOT NULL,
  `Processed` enum('false','true') NOT NULL DEFAULT 'false'
) ENGINE=MyISAM DEFAULT CHARSET=utf8;

--
-- Dumping data for table `inbox`
--

INSERT INTO `inbox` (`UpdatedInDB`, `ReceivingDateTime`, `Text`, `SenderNumber`, `Coding`, `UDH`, `SMSCNumber`, `Class`, `TextDecoded`, `ID`, `RecipientID`, `Processed`) VALUES
('2019-01-12 06:44:50', '2019-01-12 05:47:14', '004E007500680075006E0020006D0061006E0067', '+6281310818697', 'Default_No_Compression', '', '+6281107908', -1, 'Nuhun mang', 94, 'Modem1', 'false'),
('2019-01-12 01:20:41', '2019-01-11 23:21:22', '004E006F006D006F007200200041006E00640061002000740065006C00610068002000640069006900730069002000640065006E00670061006E0020006E006F006D006F007200200053004E00200039003000310031003200300036003200310032003000320031003800300031003200300030002E', 'MKIOS', 'Default_No_Compression', '', '+6281100000', -1, 'Nomor Anda telah diisi dengan nomor SN 9011206212021801200.', 93, 'Modem1', 'false'),
('2019-01-11 17:18:07', '2019-01-11 17:18:02', '004D0061007500200062006500720062006100670069002000500075006C007300610020006B006500200053006500730061006D0061002000500065006E006700670075006E0061002000540065006C006B006F006D00730065006C003F0020004B006500740069006B0020002A003800350038002A004E006F006D006F007200540075006A00750061006E002A004E006F006D0069006E0061006C005400720061006E007300660065007200230020006C0061006C0075002000740075006E00670067007500200053004D00530020006B006F006E006600690072006D006100730069006E00790061', 'TELKOMSEL', 'Default_No_Compression', '', '+6281107907', 1, 'Mau berbagi Pulsa ke Sesama Pengguna Telkomsel? Ketik *858*NomorTujuan*NominalTransfer# lalu tunggu SMS konfirmasinya', 91, 'Modem1', 'false'),
('2019-01-11 17:18:52', '2019-01-11 17:18:46', '004B006900720069006D002000740065007200750073002000680069006E00670067006100200031003300200053004D0053002000620065007200620061007900610072002000640061006E002000640061007000610074006B0061006E0020006800610072006700610020007300700065007300690061006C002000730065006E0069006C00610069002000520070002000320035002000700065007200200053004D005300200075006E00740075006B00200033003000200053004D005300200062006500720069006B00750074006E00790061002E', 'TELKOMSEL', 'Default_No_Compression', '', '+6281107907', 1, 'Kirim terus hingga 13 SMS berbayar dan dapatkan harga spesial senilai Rp 25 per SMS untuk 30 SMS berikutnya.', 92, 'Modem1', 'false'),
('2019-01-11 17:16:11', '2019-01-11 17:13:46', '004E006F006D006F007200200041006E00640061002000740065006C00610068002000640069006900730069002000640065006E00670061006E0020006E006F006D006F007200200053004E00200039003000310031003200300030003100330034003500320031003300370032003600350030002E', 'MKIOS', 'Default_No_Compression', '', '+6281100000', -1, 'Nomor Anda telah diisi dengan nomor SN 9011200134521372650.', 90, 'Modem1', 'false'),
('2019-01-09 19:43:48', '2019-01-09 19:43:37', '004B006900720069006D002000740065007200750073002000680069006E00670067006100200031003300200053004D0053002000620065007200620061007900610072002000640061006E002000640061007000610074006B0061006E0020006800610072006700610020007300700065007300690061006C002000730065006E0069006C00610069002000520070002000320035002000700065007200200053004D005300200075006E00740075006B00200033003000200053004D005300200062006500720069006B00750074006E00790061002E', 'TELKOMSEL', 'Default_No_Compression', '', '+6281107907', 1, 'Kirim terus hingga 13 SMS berbayar dan dapatkan harga spesial senilai Rp 25 per SMS untuk 30 SMS berikutnya.', 88, 'Modem1', 'false'),
('2019-01-11 12:12:24', '2019-01-11 09:15:32', '004E006F006D006F007200200041006E00640061002000740065006C00610068002000640069006900730069002000640065006E00670061006E0020006E006F006D006F007200200053004E00200039003000310031003100310036003100350033003100320031003700380031003200370030002E', 'MKIOS', 'Default_No_Compression', '', '+6281100000', -1, 'Nomor Anda telah diisi dengan nomor SN 9011116153121781270.', 89, 'Modem1', 'false'),
('2019-01-09 19:41:50', '2019-01-09 07:20:20', '0048006100720069002000670069006E00690020006D006100730069006800200067006F006E00740061002D00670061006E007400690020006B0061007200740075003F002C002000490073006900200075006C0061006E006700200043006F006D0062006F0056006100670061006E007A006100200036002E003500470042002B00390030006D006E007400200041006C006C0020004F00700072002F00330030006800720020006D0075006C0061006900200052007000350030005200620020006400690020002A0033003600330023002E00200053004B0042', 'simPATI', 'Default_No_Compression', '', '+6281100000', 0, 'Hari gini masih gonta-ganti kartu?, Isi ulang ComboVaganza 6.5GB+90mnt All Opr/30hr mulai Rp50Rb di *363#. SKB', 87, 'Modem1', 'false'),
('2019-01-09 19:41:49', '2019-01-09 11:07:25', '00500065006C0061006E006700670061006E0020003000380032003100320030003300390030003700370039002C0020004B0061006D0075002000620069007300610020004300680061007400740069006E0067002000540061006E0070006100200042006100740061007300200026002000540061006E007000610020004B0075006F0074006100200044006100740061002E00200055006E00740075006B0020006D0075006C0061006900200043006800610074002000260020004200610063006100200050006500730061006E002C002000730069006C0061006B0061006E002000540065006C00700020002A003500300030002A003000380023', '+6281297001572', 'Default_No_Compression', '', '+6281107908', -1, 'Pelanggan 082120390779, Kamu bisa Chatting Tanpa Batas & Tanpa Kuota Data. Untuk mulai Chat & Baca Pesan, silakan Telp *500*08#', 86, 'Modem1', 'false');

--
-- Triggers `inbox`
--
DELIMITER $$
CREATE TRIGGER `inbox_timestamp` BEFORE INSERT ON `inbox` FOR EACH ROW BEGIN
    IF NEW.ReceivingDateTime = '0000-00-00 00:00:00' THEN
        SET NEW.ReceivingDateTime = CURRENT_TIMESTAMP();
    END IF;
END
$$
DELIMITER ;

-- --------------------------------------------------------

--
-- Table structure for table `log_pelanggan`
--

CREATE TABLE `log_pelanggan` (
  `id` int(5) NOT NULL,
  `id_pelanggan` varchar(8) NOT NULL,
  `kd_transaksi` varchar(25) NOT NULL,
  `deskripsi` text NOT NULL,
  `tgl_trans` varchar(25) NOT NULL
) ENGINE=InnoDB DEFAULT CHARSET=latin1;

--
-- Dumping data for table `log_pelanggan`
--

INSERT INTO `log_pelanggan` (`id`, `id_pelanggan`, `kd_transaksi`, `deskripsi`, `tgl_trans`) VALUES
(12, 'PL002', 'TP-120119-00001', 'Penambahan Saldo', '12-01-2019 13:16:52'),
(13, 'PL003', 'TP-120119-00002', 'Penambahan Saldo', '12-01-2019 13:46:22');

-- --------------------------------------------------------

--
-- Table structure for table `no_center`
--

CREATE TABLE `no_center` (
  `id_no` int(11) NOT NULL,
  `id_sms_center` int(11) NOT NULL,
  `no_telepon` varchar(15) NOT NULL,
  `utama` enum('Y','T') NOT NULL DEFAULT 'T'
) ENGINE=InnoDB DEFAULT CHARSET=latin1;

--
-- Dumping data for table `no_center`
--

INSERT INTO `no_center` (`id_no`, `id_sms_center`, `no_telepon`, `utama`) VALUES
(1, 1, '085608417956', 'Y');

-- --------------------------------------------------------

--
-- Table structure for table `outbox`
--

CREATE TABLE `outbox` (
  `UpdatedInDB` timestamp NOT NULL DEFAULT CURRENT_TIMESTAMP ON UPDATE CURRENT_TIMESTAMP,
  `InsertIntoDB` timestamp NOT NULL DEFAULT '0000-00-00 00:00:00',
  `SendingDateTime` timestamp NOT NULL DEFAULT '0000-00-00 00:00:00',
  `SendBefore` time NOT NULL DEFAULT '23:59:59',
  `SendAfter` time NOT NULL DEFAULT '00:00:00',
  `Text` text,
  `DestinationNumber` varchar(20) NOT NULL DEFAULT '',
  `Coding` enum('Default_No_Compression','Unicode_No_Compression','8bit','Default_Compression','Unicode_Compression') NOT NULL DEFAULT 'Default_No_Compression',
  `UDH` text,
  `Class` int(11) DEFAULT '-1',
  `TextDecoded` text NOT NULL,
  `ID` int(10) UNSIGNED NOT NULL,
  `MultiPart` enum('false','true') DEFAULT 'false',
  `RelativeValidity` int(11) DEFAULT '-1',
  `SenderID` varchar(255) DEFAULT NULL,
  `SendingTimeOut` timestamp NULL DEFAULT '0000-00-00 00:00:00',
  `DeliveryReport` enum('default','yes','no') DEFAULT 'default',
  `CreatorID` text NOT NULL
) ENGINE=MyISAM DEFAULT CHARSET=utf8;

--
-- Triggers `outbox`
--
DELIMITER $$
CREATE TRIGGER `outbox_timestamp` BEFORE INSERT ON `outbox` FOR EACH ROW BEGIN
    IF NEW.InsertIntoDB = '0000-00-00 00:00:00' THEN
        SET NEW.InsertIntoDB = CURRENT_TIMESTAMP();
    END IF;
    IF NEW.SendingDateTime = '0000-00-00 00:00:00' THEN
        SET NEW.SendingDateTime = CURRENT_TIMESTAMP();
    END IF;
    IF NEW.SendingTimeOut = '0000-00-00 00:00:00' THEN
        SET NEW.SendingTimeOut = CURRENT_TIMESTAMP();
    END IF;
END
$$
DELIMITER ;

-- --------------------------------------------------------

--
-- Table structure for table `outbox_multipart`
--

CREATE TABLE `outbox_multipart` (
  `Text` text,
  `Coding` enum('Default_No_Compression','Unicode_No_Compression','8bit','Default_Compression','Unicode_Compression') NOT NULL DEFAULT 'Default_No_Compression',
  `UDH` text,
  `Class` int(11) DEFAULT '-1',
  `TextDecoded` text,
  `ID` int(10) UNSIGNED NOT NULL DEFAULT '0',
  `SequencePosition` int(11) NOT NULL DEFAULT '1'
) ENGINE=MyISAM DEFAULT CHARSET=utf8;

-- --------------------------------------------------------

--
-- Table structure for table `pbk`
--

CREATE TABLE `pbk` (
  `ID` int(11) NOT NULL,
  `GroupID` int(11) NOT NULL DEFAULT '-1',
  `Name` text NOT NULL,
  `Number` text NOT NULL
) ENGINE=MyISAM DEFAULT CHARSET=utf8;

-- --------------------------------------------------------

--
-- Table structure for table `pbk_groups`
--

CREATE TABLE `pbk_groups` (
  `Name` text NOT NULL,
  `ID` int(11) NOT NULL
) ENGINE=MyISAM DEFAULT CHARSET=utf8;

-- --------------------------------------------------------

--
-- Table structure for table `pelanggan`
--

CREATE TABLE `pelanggan` (
  `id_pelanggan` varchar(5) NOT NULL,
  `nm_pl` varchar(30) NOT NULL,
  `jk` char(10) NOT NULL,
  `alamat` text NOT NULL,
  `no_hp` varchar(13) NOT NULL,
  `user` varchar(12) NOT NULL,
  `pass` varchar(12) NOT NULL,
  `status` char(1) NOT NULL
) ENGINE=InnoDB DEFAULT CHARSET=latin1;

--
-- Dumping data for table `pelanggan`
--

INSERT INTO `pelanggan` (`id_pelanggan`, `nm_pl`, `jk`, `alamat`, `no_hp`, `user`, `pass`, `status`) VALUES
('PL002', 'Naufal Arinal Haq', 'L', 'jl.parhon', '081310818697', 'naufal', 'naufal', '1'),
('PL003', 'Muhammad Ridwan', 'L', 'Sukasirna', '082216876845', 'Ridwan', 'ridwan', '1');

--
-- Triggers `pelanggan`
--
DELIMITER $$
CREATE TRIGGER `input_saldo` AFTER UPDATE ON `pelanggan` FOR EACH ROW BEGIN
INSERT INTO saldo_pelanggan set id_pelanggan = new.id_pelanggan,saldo = '0';
END
$$
DELIMITER ;

-- --------------------------------------------------------

--
-- Table structure for table `phones`
--

CREATE TABLE `phones` (
  `ID` text NOT NULL,
  `UpdatedInDB` timestamp NOT NULL DEFAULT CURRENT_TIMESTAMP ON UPDATE CURRENT_TIMESTAMP,
  `InsertIntoDB` timestamp NOT NULL DEFAULT '0000-00-00 00:00:00',
  `TimeOut` timestamp NOT NULL DEFAULT '0000-00-00 00:00:00',
  `Send` enum('yes','no') NOT NULL DEFAULT 'no',
  `Receive` enum('yes','no') NOT NULL DEFAULT 'no',
  `IMEI` varchar(35) NOT NULL,
  `Client` text NOT NULL,
  `Battery` int(11) NOT NULL DEFAULT '-1',
  `Signal` int(11) NOT NULL DEFAULT '-1',
  `Sent` int(11) NOT NULL DEFAULT '0',
  `Received` int(11) NOT NULL DEFAULT '0'
) ENGINE=MyISAM DEFAULT CHARSET=utf8;

--
-- Dumping data for table `phones`
--

INSERT INTO `phones` (`ID`, `UpdatedInDB`, `InsertIntoDB`, `TimeOut`, `Send`, `Receive`, `IMEI`, `Client`, `Battery`, `Signal`, `Sent`, `Received`) VALUES
('Modem1', '2019-01-12 07:16:50', '2019-01-12 06:44:49', '2019-01-12 07:17:00', 'yes', 'yes', '351047907874693', 'Gammu 1.31.0, Windows Server 2007 SP1, GCC 4.6, MinGW 3.11', 0, 45, 10, 1);

--
-- Triggers `phones`
--
DELIMITER $$
CREATE TRIGGER `phones_timestamp` BEFORE INSERT ON `phones` FOR EACH ROW BEGIN
    IF NEW.InsertIntoDB = '0000-00-00 00:00:00' THEN
        SET NEW.InsertIntoDB = CURRENT_TIMESTAMP();
    END IF;
    IF NEW.TimeOut = '0000-00-00 00:00:00' THEN
        SET NEW.TimeOut = CURRENT_TIMESTAMP();
    END IF;
END
$$
DELIMITER ;

-- --------------------------------------------------------

--
-- Table structure for table `provider`
--

CREATE TABLE `provider` (
  `id_provider` int(11) NOT NULL,
  `nama_provider` varchar(50) NOT NULL
) ENGINE=InnoDB DEFAULT CHARSET=latin1;

--
-- Dumping data for table `provider`
--

INSERT INTO `provider` (`id_provider`, `nama_provider`) VALUES
(2, 'Telkomsel'),
(3, 'Indosat'),
(4, 'Three'),
(5, 'XL');

-- --------------------------------------------------------

--
-- Table structure for table `pulsa`
--

CREATE TABLE `pulsa` (
  `id_pulsa` int(11) NOT NULL,
  `id_provider` int(11) NOT NULL,
  `kode_pulsa` varchar(50) NOT NULL,
  `nominal` decimal(15,0) NOT NULL,
  `hrg_beli` decimal(15,0) NOT NULL,
  `hrg_jual` decimal(10,0) NOT NULL
) ENGINE=InnoDB DEFAULT CHARSET=latin1;

--
-- Dumping data for table `pulsa`
--

INSERT INTO `pulsa` (`id_pulsa`, `id_provider`, `kode_pulsa`, `nominal`, `hrg_beli`, `hrg_jual`) VALUES
(24, 2, 'TSEL5000', '5', '5600', '7000'),
(25, 2, 'TSEL10000', '10', '10269', '12000'),
(26, 2, 'TSEL20000', '20', '20000', '22000'),
(27, 2, 'TSEL25000', '25', '24750', '27000'),
(28, 2, 'TSEL50000', '50', '49400', '52000'),
(29, 2, 'TSEL100000', '100', '97520', '100000'),
(30, 3, 'M3-5000', '5', '5825', '7000'),
(31, 3, 'M3-10000', '10', '10875', '12000'),
(32, 3, 'M3-25000', '25', '24750', '27000'),
(33, 3, 'M3-50000', '50', '48975', '50000'),
(34, 3, 'M3-100000', '100', '96900', '100000'),
(35, 4, 'THREE-5000 ', '5', '4700', '7000'),
(36, 4, 'THREE-10000 ', '10', '9750', '12000'),
(37, 4, 'THREE-20000', '20', '19000', '21000'),
(38, 4, 'THREE-30000 ', '30', '29000', '31000'),
(39, 4, 'THREE-50000 ', '50', '49000', '50000'),
(40, 5, 'XL-5000', '5', '5825', '7000'),
(41, 5, 'XL-10000', '10', '10825', '12000'),
(42, 5, 'XL-25000', '25', '23000', '25000'),
(43, 5, 'XL-50000', '50', '49900', '52000'),
(44, 5, 'XL-100000', '100', '98700', '100000');

-- --------------------------------------------------------

--
-- Table structure for table `saldo_pelanggan`
--

CREATE TABLE `saldo_pelanggan` (
  `id_pelanggan` varchar(5) NOT NULL,
  `saldo` int(12) NOT NULL
) ENGINE=InnoDB DEFAULT CHARSET=latin1;

--
-- Dumping data for table `saldo_pelanggan`
--

INSERT INTO `saldo_pelanggan` (`id_pelanggan`, `saldo`) VALUES
('PL002', 0),
('PL003', 50000);

-- --------------------------------------------------------

--
-- Table structure for table `sentitems`
--

CREATE TABLE `sentitems` (
  `UpdatedInDB` timestamp NOT NULL DEFAULT CURRENT_TIMESTAMP ON UPDATE CURRENT_TIMESTAMP,
  `InsertIntoDB` timestamp NOT NULL DEFAULT '0000-00-00 00:00:00',
  `SendingDateTime` timestamp NOT NULL DEFAULT '0000-00-00 00:00:00',
  `DeliveryDateTime` timestamp NULL DEFAULT NULL,
  `Text` text NOT NULL,
  `DestinationNumber` varchar(20) NOT NULL DEFAULT '',
  `Coding` enum('Default_No_Compression','Unicode_No_Compression','8bit','Default_Compression','Unicode_Compression') NOT NULL DEFAULT 'Default_No_Compression',
  `UDH` text NOT NULL,
  `SMSCNumber` varchar(20) NOT NULL DEFAULT '',
  `Class` int(11) NOT NULL DEFAULT '-1',
  `TextDecoded` text NOT NULL,
  `ID` int(10) UNSIGNED NOT NULL DEFAULT '0',
  `SenderID` varchar(255) NOT NULL,
  `SequencePosition` int(11) NOT NULL DEFAULT '1',
  `Status` enum('SendingOK','SendingOKNoReport','SendingError','DeliveryOK','DeliveryFailed','DeliveryPending','DeliveryUnknown','Error') NOT NULL DEFAULT 'SendingOK',
  `StatusError` int(11) NOT NULL DEFAULT '-1',
  `TPMR` int(11) NOT NULL DEFAULT '-1',
  `RelativeValidity` int(11) NOT NULL DEFAULT '-1',
  `CreatorID` text NOT NULL
) ENGINE=MyISAM DEFAULT CHARSET=utf8;

--
-- Dumping data for table `sentitems`
--

INSERT INTO `sentitems` (`UpdatedInDB`, `InsertIntoDB`, `SendingDateTime`, `DeliveryDateTime`, `Text`, `DestinationNumber`, `Coding`, `UDH`, `SMSCNumber`, `Class`, `TextDecoded`, `ID`, `SenderID`, `SequencePosition`, `Status`, `StatusError`, `TPMR`, `RelativeValidity`, `CreatorID`) VALUES
('2019-01-11 16:28:59', '2019-01-11 16:26:18', '2019-01-11 16:28:59', NULL, '00320030002E003900380030003800300038003000380030002E0031003200330034', '085608417956', 'Default_No_Compression', '', '+6281100000', -1, '20.980808080.1234', 190, 'Modem1', 1, 'SendingError', -1, -1, 255, 'Gammu 1.31.0'),
('2019-01-11 16:28:55', '2019-01-11 16:09:36', '2019-01-11 16:28:55', NULL, '00320035002E003000310038003000310038003400300031002E0031003200330034', '085608417956', 'Default_No_Compression', '', '+6281100000', -1, '25.018018401.1234', 189, 'Modem1', 1, 'SendingError', -1, -1, 255, 'Gammu 1.31.0'),
('2019-01-09 21:12:39', '2019-01-09 21:12:20', '2019-01-09 21:12:39', NULL, '00320035002E003000380031003200330031003300310033002E0031003200330034', '085608417956', 'Default_No_Compression', '', '+6281100000', -1, '25.081231313.1234', 188, 'Modem1', 1, 'SendingOKNoReport', -1, 193, 255, 'Gammu 1.31.0'),
('2019-01-09 21:07:29', '2019-01-09 21:06:51', '2019-01-09 21:07:29', NULL, '00490073006900200074006F0070002000750070002000730065006200650073006100720020003100300030003000300030002000740065006C0061006800200062006500720068006100730069006C002000640069006C0061006B0075006B0061006E', '087714968627', 'Default_No_Compression', '', '+6281100000', -1, 'Isi top up sebesar 100000 telah berhasil dilakukan', 187, 'Modem1', 1, 'SendingOKNoReport', -1, 192, 255, 'Gammu 1.31.0'),
('2019-01-09 21:05:19', '2019-01-09 21:05:03', '2019-01-09 21:05:19', NULL, '00550073006500720020007300750064006100680020006D0065006C0061006B0075006B0061006E00200074006F0070002D00750070002000640061006E0020006D0065006C0061006B0075006B0061006E002000700065006D006200610079006100720061006E0020006B0065002000720065006B0065006E0069006E006700200061002E006E002000440065006100200073006100740072006900610020006D0075006C007900610020006D006F0068006F006E00200075006E00740075006B002000640069006B006F006E006600690072006D006100730069', '085608417956', 'Default_No_Compression', '', '+6281100000', -1, 'User sudah melakukan top-up dan melakukan pembayaran ke rekening a.n Dea satria mulya mohon untuk dikonfirmasi', 186, 'Modem1', 1, 'SendingOKNoReport', -1, 191, 255, 'Gammu 1.31.0'),
('2019-01-09 21:04:39', '2019-01-09 21:04:16', '2019-01-09 21:04:39', NULL, '00530065006C0061006D006100740020005200650069006E0061006C00640079002000470061006E00740065006E006700200061006B0075006E00200061006E00640061002000740065006C00610068002000640069007600650072006900660069006B006100730069002000640065006E00670061006E00200069006400200050004C003000300032', '087714968627', 'Default_No_Compression', '', '+6281100000', -1, 'Selamat Reinaldy Ganteng akun anda telah diverifikasi dengan id PL002', 185, 'Modem1', 1, 'SendingOKNoReport', -1, 190, 255, 'Gammu 1.31.0'),
('2019-01-09 21:03:59', '2019-01-09 21:01:00', '2019-01-09 21:03:59', NULL, '0055007300650072002000620061007200750020006D0065006D00620075007400750068006B0061006E0020006B006F006E006600690072006D006100730069002000700065006E0064006100660074006100720061006E002C002000730069006C00610068006B0061006E002000630065006B002000680061006C0061006D0061006E002000610064006D0069006E00200075006E00740075006B0020006B006F006E006600690072006D006100730069', '085608417956', 'Default_No_Compression', '', '+6281100000', -1, 'User baru membutuhkan konfirmasi pendaftaran, silahkan cek halaman admin untuk konfirmasi', 184, 'Modem1', 1, 'SendingOKNoReport', -1, 189, 255, 'Gammu 1.31.0'),
('2019-01-09 21:03:49', '2019-01-09 20:46:01', '2019-01-09 21:03:49', NULL, '00550073006500720020007300750064006100680020006D0065006C0061006B0075006B0061006E00200074006F0070002D00750070002000640061006E0020006D0065006C0061006B0075006B0061006E002000700065006D006200610079006100720061006E0020006B0065002000720065006B0065006E0069006E006700200061002E006E0020005200790061006E002000660061006800720065006A00610020006D006F0068006F006E00200075006E00740075006B002000640069006B006F006E006600690072006D006100730069', '085608417956', 'Default_No_Compression', '', '+6281100000', -1, 'User sudah melakukan top-up dan melakukan pembayaran ke rekening a.n Ryan fahreja mohon untuk dikonfirmasi', 183, 'Modem1', 1, 'SendingOKNoReport', -1, 188, 255, 'Gammu 1.31.0'),
('2019-01-09 21:03:40', '2019-01-09 20:45:45', '2019-01-09 21:03:40', NULL, '00530065006C0061006D00610074002000640065006100200061006B0075006E00200061006E00640061002000740065006C00610068002000640069007600650072006900660069006B006100730069002000640065006E00670061006E00200069006400200050004C003000300031', '082218168904', 'Default_No_Compression', '', '+6281100000', -1, 'Selamat dea akun anda telah diverifikasi dengan id PL001', 182, 'Modem1', 1, 'SendingOKNoReport', -1, 187, 255, 'Gammu 1.31.0'),
('2019-01-09 21:03:36', '2019-01-09 20:45:37', '2019-01-09 21:03:36', NULL, '0055007300650072002000620061007200750020006D0065006D00620075007400750068006B0061006E0020006B006F006E006600690072006D006100730069002000700065006E0064006100660074006100720061006E002C002000730069006C00610068006B0061006E002000630065006B002000680061006C0061006D0061006E002000610064006D0069006E00200075006E00740075006B0020006B006F006E006600690072006D006100730069', '085608417956', 'Default_No_Compression', '', '+6281100000', -1, 'User baru membutuhkan konfirmasi pendaftaran, silahkan cek halaman admin untuk konfirmasi', 181, 'Modem1', 1, 'SendingOKNoReport', -1, 186, 255, 'Gammu 1.31.0'),
('2019-01-09 21:03:27', '2019-01-09 20:44:59', '2019-01-09 21:03:27', NULL, '00550073006500720020007300750064006100680020006D0065006C0061006B0075006B0061006E00200074006F0070002D00750070002000640061006E0020006D0065006C0061006B0075006B0061006E002000700065006D006200610079006100720061006E0020006B0065002000720065006B0065006E0069006E006700200061002E006E0020005200790061006E002000660061006800720065006A00610020006D006F0068006F006E00200075006E00740075006B002000640069006B006F006E006600690072006D006100730069', '085608417956', 'Default_No_Compression', '', '+6281100000', -1, 'User sudah melakukan top-up dan melakukan pembayaran ke rekening a.n Ryan fahreja mohon untuk dikonfirmasi', 180, 'Modem1', 1, 'SendingOKNoReport', -1, 185, 255, 'Gammu 1.31.0'),
('2019-01-09 21:03:18', '2019-01-09 20:30:47', '2019-01-09 21:03:18', NULL, '00530065006C0061006D00610074002000640065006100200061006B0075006E00200061006E00640061002000740065006C00610068002000640069007600650072006900660069006B006100730069002000640065006E00670061006E00200069006400200050004C003000300031', '082218168904', 'Default_No_Compression', '', '+6281100000', -1, 'Selamat dea akun anda telah diverifikasi dengan id PL001', 179, 'Modem1', 1, 'SendingOKNoReport', -1, 184, 255, 'Gammu 1.31.0'),
('2019-01-09 21:03:14', '2019-01-09 20:30:34', '2019-01-09 21:03:14', NULL, '0055007300650072002000620061007200750020006D0065006D00620075007400750068006B0061006E0020006B006F006E006600690072006D006100730069002000700065006E0064006100660074006100720061006E002C002000730069006C00610068006B0061006E002000630065006B002000680061006C0061006D0061006E002000610064006D0069006E00200075006E00740075006B0020006B006F006E006600690072006D006100730069', '085608417956', 'Default_No_Compression', '', '+6281100000', -1, 'User baru membutuhkan konfirmasi pendaftaran, silahkan cek halaman admin untuk konfirmasi', 178, 'Modem1', 1, 'SendingOKNoReport', -1, 183, 255, 'Gammu 1.31.0'),
('2019-01-09 20:56:41', '2019-01-09 20:24:59', '2019-01-09 20:56:41', NULL, '00550073006500720020007300750064006100680020006D0065006C0061006B0075006B0061006E00200074006F0070002D00750070002000640061006E0020006D0065006C0061006B0075006B0061006E002000700065006D006200610079006100720061006E0020006B0065002000720065006B0065006E0069006E006700200061002E006E0020005200790061006E002000660061006800720065006A00610020006D006F0068006F006E00200075006E00740075006B002000640069006B006F006E006600690072006D006100730069', '085608417956', 'Default_No_Compression', '', '+6281100000', -1, 'User sudah melakukan top-up dan melakukan pembayaran ke rekening a.n Ryan fahreja mohon untuk dikonfirmasi', 177, 'Modem1', 1, 'SendingError', -1, -1, 255, 'Gammu 1.31.0'),
('2019-01-09 20:32:35', '2019-01-09 20:23:36', '2019-01-09 20:32:35', NULL, '00530065006C0061006D0061007400200069006B0068006500200061006B0075006E00200061006E00640061002000740065006C00610068002000640069007600650072006900660069006B006100730069002000640065006E00670061006E00200069006400200050004C003000300031', '082218168904', 'Default_No_Compression', '', '+6281100000', -1, 'Selamat ikhe akun anda telah diverifikasi dengan id PL001', 176, 'Modem1', 1, 'SendingError', -1, -1, 255, 'Gammu 1.31.0'),
('2019-01-09 20:28:23', '2019-01-09 20:23:27', '2019-01-09 20:28:23', NULL, '0055007300650072002000620061007200750020006D0065006D00620075007400750068006B0061006E0020006B006F006E006600690072006D006100730069002000700065006E0064006100660074006100720061006E002C002000730069006C00610068006B0061006E002000630065006B002000680061006C0061006D0061006E002000610064006D0069006E00200075006E00740075006B0020006B006F006E006600690072006D006100730069', '085608417956', 'Default_No_Compression', '', '+6281100000', -1, 'User baru membutuhkan konfirmasi pendaftaran, silahkan cek halaman admin untuk konfirmasi', 175, 'Modem1', 1, 'SendingError', -1, -1, 255, 'Gammu 1.31.0'),
('2019-01-09 20:04:42', '2019-01-09 20:04:11', '2019-01-09 20:04:42', NULL, '00550073006500720020007300750064006100680020006D0065006C0061006B0075006B0061006E00200074006F0070002D00750070002000640061006E0020006D0065006C0061006B0075006B0061006E002000700065006D006200610079006100720061006E0020006B0065002000720065006B0065006E0069006E006700200061002E006E002000440065006100200073006100740072006900610020006D0075006C007900610020006D006F0068006F006E00200075006E00740075006B002000640069006B006F006E006600690072006D006100730069', '085608417956', 'Default_No_Compression', '', '+6281100000', -1, 'User sudah melakukan top-up dan melakukan pembayaran ke rekening a.n Dea satria mulya mohon untuk dikonfirmasi', 174, 'Modem1', 1, 'SendingOKNoReport', -1, 182, 255, 'Gammu 1.31.0'),
('2019-01-09 19:59:01', '2019-01-09 19:58:27', '2019-01-09 19:59:01', NULL, '003100300030002E003000380032003200310038003100360038003900300034002E0031003200330034', '085608417956', 'Default_No_Compression', '', '+6281100000', -1, '100.082218168904.1234', 173, 'Modem1', 1, 'SendingOKNoReport', -1, 181, 255, 'Gammu 1.31.0'),
('2019-01-09 19:58:21', '2019-01-09 19:58:03', '2019-01-09 19:58:21', NULL, '00550073006500720020007300750064006100680020006D0065006C0061006B0075006B0061006E00200074006F0070002D00750070002000640061006E0020006D0065006C0061006B0075006B0061006E002000700065006D006200610079006100720061006E0020006B0065002000720065006B0065006E0069006E006700200061002E006E0020005200790061006E002000660061006800720065006A00610020006D006F0068006F006E00200075006E00740075006B002000640069006B006F006E006600690072006D006100730069', '085608417956', 'Default_No_Compression', '', '+6281100000', -1, 'User sudah melakukan top-up dan melakukan pembayaran ke rekening a.n Ryan fahreja mohon untuk dikonfirmasi', 172, 'Modem1', 1, 'SendingOKNoReport', -1, 180, 255, 'Gammu 1.31.0'),
('2019-01-09 19:57:03', '2019-01-09 19:56:36', '2019-01-09 19:57:03', NULL, '003200300030002E003000380032003200310038003100360038003900300034002E0031003200330034', '085608417956', 'Default_No_Compression', '', '+6281100000', -1, '200.082218168904.1234', 170, 'Modem1', 1, 'SendingOKNoReport', -1, 178, 255, 'Gammu 1.31.0'),
('2019-01-09 19:58:12', '2019-01-09 19:57:44', '2019-01-09 19:58:12', NULL, '00320030002E003000380032003200310038003100360038003900300034002E0031003200330034', '085608417956', 'Default_No_Compression', '', '+6281100000', -1, '20.082218168904.1234', 171, 'Modem1', 1, 'SendingOKNoReport', -1, 179, 255, 'Gammu 1.31.0'),
('2019-01-09 19:53:20', '2019-01-09 19:52:58', '2019-01-09 19:53:20', NULL, '003100300030002E003000380032003200310038003100360038003900300034002E0031003200330034', '085608417956', 'Default_No_Compression', '', '+6281100000', -1, '100.082218168904.1234', 169, 'Modem1', 1, 'SendingOKNoReport', -1, 177, 255, 'Gammu 1.31.0'),
('2019-01-09 19:45:31', '2019-01-09 19:39:28', '2019-01-09 19:45:31', NULL, '00320030002E003000300030002E003000380032003200310038003100360038003900300034002E0031003200330034', '085608417956', 'Default_No_Compression', '', '+6281100000', -1, '20.000.082218168904.1234', 167, 'Modem1', 1, 'SendingOKNoReport', -1, 175, 255, 'Gammu 1.31.0'),
('2019-01-09 19:47:40', '2019-01-09 19:47:07', '2019-01-09 19:47:40', NULL, '00320030003000300030002E003000380032003200310038003100360038003900300034002E0031003200330034', '085608417956', 'Default_No_Compression', '', '+6281100000', -1, '20000.082218168904.1234', 168, 'Modem1', 1, 'SendingOKNoReport', -1, 176, 255, 'Gammu 1.31.0'),
('2019-01-09 19:45:22', '2019-01-09 19:35:19', '2019-01-09 19:45:22', NULL, '00550073006500720020007300750064006100680020006D0065006C0061006B0075006B0061006E00200074006F0070002D00750070002000640061006E0020006D0065006C0061006B0075006B0061006E002000700065006D006200610079006100720061006E0020006B0065002000720065006B0065006E0069006E006700200061002E006E002000440065006100200073006100740072006900610020006D0075006C007900610020006D006F0068006F006E00200075006E00740075006B002000640069006B006F006E006600690072006D006100730069', '085608417956', 'Default_No_Compression', '', '+6281100000', -1, 'User sudah melakukan top-up dan melakukan pembayaran ke rekening a.n Dea satria mulya mohon untuk dikonfirmasi', 166, 'Modem1', 1, 'SendingOKNoReport', -1, 174, 255, 'Gammu 1.31.0'),
('2019-01-09 19:45:12', '2019-01-09 19:29:52', '2019-01-09 19:45:12', NULL, '00550073006500720020007300750064006100680020006D0065006C0061006B0075006B0061006E00200074006F0070002D00750070002000640061006E0020006D0065006C0061006B0075006B0061006E002000700065006D006200610079006100720061006E0020006B0065002000720065006B0065006E0069006E006700200061002E006E002000440065006100200073006100740072006900610020006D0075006C007900610020006D006F0068006F006E00200075006E00740075006B002000640069006B006F006E006600690072006D006100730069', '085608417956', 'Default_No_Compression', '', '+6281100000', -1, 'User sudah melakukan top-up dan melakukan pembayaran ke rekening a.n Dea satria mulya mohon untuk dikonfirmasi', 165, 'Modem1', 1, 'SendingOKNoReport', -1, 173, 255, 'Gammu 1.31.0'),
('2019-01-09 19:45:03', '2019-01-09 19:29:29', '2019-01-09 19:45:03', NULL, '00530065006C0061006D006100740020006400650061006E0075006200200061006B0075006E00200061006E00640061002000740065006C00610068002000640069007600650072006900660069006B006100730069002000640065006E00670061006E00200069006400200050004C003000300031', '082218168904', 'Default_No_Compression', '', '+6281100000', -1, 'Selamat deanub akun anda telah diverifikasi dengan id PL001', 164, 'Modem1', 1, 'SendingOKNoReport', -1, 172, 255, 'Gammu 1.31.0'),
('2019-01-09 19:44:59', '2019-01-09 19:29:15', '2019-01-09 19:44:59', NULL, '0055007300650072002000620061007200750020006D0065006D00620075007400750068006B0061006E0020006B006F006E006600690072006D006100730069002000700065006E0064006100660074006100720061006E002C002000730069006C00610068006B0061006E002000630065006B002000680061006C0061006D0061006E002000610064006D0069006E00200075006E00740075006B0020006B006F006E006600690072006D006100730069', '085608417956', 'Default_No_Compression', '', '+6281100000', -1, 'User baru membutuhkan konfirmasi pendaftaran, silahkan cek halaman admin untuk konfirmasi', 163, 'Modem1', 1, 'SendingOKNoReport', -1, 171, 255, 'Gammu 1.31.0'),
('2019-01-09 19:44:50', '2019-01-09 09:47:28', '2019-01-09 19:44:50', NULL, '00550073006500720020007300750064006100680020006D0065006C0061006B0075006B0061006E00200074006F0070002D00750070002000640061006E0020006D0065006C0061006B0075006B0061006E002000700065006D006200610079006100720061006E0020006B0065002000720065006B0065006E0069006E006700200061002E006E002000440065006100200073006100740072006900610020006D0075006C007900610020006D006F0068006F006E00200075006E00740075006B002000640069006B006F006E006600690072006D006100730069', '085608417956', 'Default_No_Compression', '', '+6281100000', -1, 'User sudah melakukan top-up dan melakukan pembayaran ke rekening a.n Dea satria mulya mohon untuk dikonfirmasi', 162, 'Modem1', 1, 'SendingOKNoReport', -1, 170, 255, 'Gammu 1.31.0'),
('2019-01-09 19:44:41', '2019-01-09 09:26:46', '2019-01-09 19:44:41', NULL, '00550073006500720020007300750064006100680020006D0065006C0061006B0075006B0061006E00200074006F0070002D00750070002000640061006E0020006D0065006C0061006B0075006B0061006E002000700065006D006200610079006100720061006E0020006B0065002000720065006B0065006E0069006E006700200061002E006E0020006D0075006C007900610020006D006F0068006F006E00200075006E00740075006B002000640069006B006F006E006600690072006D006100730069', '085608417956', 'Default_No_Compression', '', '+6281100000', -1, 'User sudah melakukan top-up dan melakukan pembayaran ke rekening a.n mulya mohon untuk dikonfirmasi', 161, 'Modem1', 1, 'SendingOKNoReport', -1, 169, 255, 'Gammu 1.31.0'),
('2019-01-09 19:44:31', '2019-01-09 09:01:38', '2019-01-09 19:44:31', NULL, '00530065006C0061006D006100740020006D0075006C0079006100200061006B0075006E00200061006E00640061002000740065006C00610068002000640069007600650072006900660069006B006100730069002000640065006E00670061006E00200069006400200050004C003000310030', '082218168904', 'Default_No_Compression', '', '+6281100000', -1, 'Selamat mulya akun anda telah diverifikasi dengan id PL010', 160, 'Modem1', 1, 'SendingOKNoReport', -1, 168, 255, 'Gammu 1.31.0'),
('2019-01-09 19:44:27', '2019-01-09 09:01:02', '2019-01-09 19:44:27', NULL, '00530065006C0061006D00610074002000730061007400720069006100200061006B0075006E00200061006E00640061002000740065006C00610068002000640069007600650072006900660069006B006100730069002000640065006E00670061006E00200069006400200050004C003000300039', '085315727724', 'Default_No_Compression', '', '+6281100000', -1, 'Selamat satria akun anda telah diverifikasi dengan id PL009', 159, 'Modem1', 1, 'SendingOKNoReport', -1, 167, 255, 'Gammu 1.31.0'),
('2019-01-09 19:44:19', '2019-01-08 20:54:50', '2019-01-09 19:44:19', NULL, '00530065006C0061006D006100740020007300610065006600200061006B0075006E00200061006E00640061002000740065006C00610068002000640069007600650072006900660069006B006100730069002000640065006E00670061006E00200069006400200050004C003000310034', '082218168904', 'Default_No_Compression', '', '+6281100000', -1, 'Selamat saef akun anda telah diverifikasi dengan id PL014', 158, 'Modem1', 1, 'SendingOKNoReport', -1, 166, 255, 'Gammu 1.31.0'),
('2019-01-09 19:44:15', '2019-01-08 20:54:35', '2019-01-09 19:44:15', NULL, '0055007300650072002000620061007200750020006D0065006D00620075007400750068006B0061006E0020006B006F006E006600690072006D006100730069002000700065006E0064006100660074006100720061006E002C002000730069006C00610068006B0061006E002000630065006B002000680061006C0061006D0061006E002000610064006D0069006E00200075006E00740075006B0020006B006F006E006600690072006D006100730069', '085608417956', 'Default_No_Compression', '', '+6281100000', -1, 'User baru membutuhkan konfirmasi pendaftaran, silahkan cek halaman admin untuk konfirmasi', 157, 'Modem1', 1, 'SendingOKNoReport', -1, 165, 255, 'Gammu 1.31.0'),
('2019-01-09 19:43:56', '2019-01-08 20:52:08', '2019-01-09 19:43:56', NULL, '00530065006C0061006D006100740020006A0061006A0061006E006700200061006B0075006E00200061006E00640061002000740065006C00610068002000640069007600650072006900660069006B006100730069002000640065006E00670061006E00200069006400200050004C003000310034', '081220276603', 'Default_No_Compression', '', '+6281100000', -1, 'Selamat jajang akun anda telah diverifikasi dengan id PL014', 155, 'Modem1', 1, 'SendingOKNoReport', -1, 163, 255, 'Gammu 1.31.0'),
('2019-01-09 19:44:06', '2019-01-08 20:52:42', '2019-01-09 19:44:06', NULL, '00550073006500720020007300750064006100680020006D0065006C0061006B0075006B0061006E00200074006F0070002D00750070002000640061006E0020006D0065006C0061006B0075006B0061006E002000700065006D006200610079006100720061006E0020006B0065002000720065006B0065006E0069006E006700200061002E006E002000440065006100200073006100740072006900610020006D0075006C007900610020006D006F0068006F006E00200075006E00740075006B002000640069006B006F006E006600690072006D006100730069', '085608417956', 'Default_No_Compression', '', '+6281100000', -1, 'User sudah melakukan top-up dan melakukan pembayaran ke rekening a.n Dea satria mulya mohon untuk dikonfirmasi', 156, 'Modem1', 1, 'SendingOKNoReport', -1, 164, 255, 'Gammu 1.31.0'),
('2019-01-09 19:43:46', '2019-01-08 20:51:45', '2019-01-09 19:43:46', NULL, '0055007300650072002000620061007200750020006D0065006D00620075007400750068006B0061006E0020006B006F006E006600690072006D006100730069002000700065006E0064006100660074006100720061006E002C002000730069006C00610068006B0061006E002000630065006B002000680061006C0061006D0061006E002000610064006D0069006E00200075006E00740075006B0020006B006F006E006600690072006D006100730069', '085608417956', 'Default_No_Compression', '', '+6281100000', -1, 'User baru membutuhkan konfirmasi pendaftaran, silahkan cek halaman admin untuk konfirmasi', 154, 'Modem1', 1, 'SendingOKNoReport', -1, 162, 255, 'Gammu 1.31.0'),
('2019-01-09 19:43:37', '2019-01-08 20:34:07', '2019-01-09 19:43:37', NULL, '00530065006C0061006D0061007400200074006100740061006E006700200061006B0075006E00200061006E00640061002000740065006C00610068002000640069007600650072006900660069006B006100730069002000640065006E00670061006E00200069006400200050004C003000310034', '081220276603', 'Default_No_Compression', '', '+6281100000', -1, 'Selamat tatang akun anda telah diverifikasi dengan id PL014', 153, 'Modem1', 1, 'SendingOKNoReport', -1, 161, 255, 'Gammu 1.31.0'),
('2019-01-09 19:43:29', '2019-01-08 20:33:49', '2019-01-09 19:43:29', NULL, '0055007300650072002000620061007200750020006D0065006D00620075007400750068006B0061006E0020006B006F006E006600690072006D006100730069002000700065006E0064006100660074006100720061006E002C002000730069006C00610068006B0061006E002000630065006B002000680061006C0061006D0061006E002000610064006D0069006E00200075006E00740075006B0020006B006F006E006600690072006D006100730069', '085608417956', 'Default_No_Compression', '', '+6281100000', -1, 'User baru membutuhkan konfirmasi pendaftaran, silahkan cek halaman admin untuk konfirmasi', 152, 'Modem1', 1, 'SendingOKNoReport', -1, 160, 255, 'Gammu 1.31.0'),
('2019-01-09 19:43:19', '2019-01-08 20:32:20', '2019-01-09 19:43:19', NULL, '00550073006500720020007300750064006100680020006D0065006C0061006B0075006B0061006E00200074006F0070002D00750070002000640061006E0020006D0065006C0061006B0075006B0061006E002000700065006D006200610079006100720061006E0020006B0065002000720065006B0065006E0069006E006700200061002E006E002000440065006100200073006100740072006900610020006D0075006C007900610020006D006F0068006F006E00200075006E00740075006B002000640069006B006F006E006600690072006D006100730069', '085608417956', 'Default_No_Compression', '', '+6281100000', -1, 'User sudah melakukan top-up dan melakukan pembayaran ke rekening a.n Dea satria mulya mohon untuk dikonfirmasi', 151, 'Modem1', 1, 'SendingOKNoReport', -1, 159, 255, 'Gammu 1.31.0'),
('2019-01-09 19:43:10', '2019-01-08 20:30:51', '2019-01-09 19:43:10', NULL, '00530065006C0061006D006100740020006100730065007000200061006B0075006E00200061006E00640061002000740065006C00610068002000640069007600650072006900660069006B006100730069002000640065006E00670061006E00200069006400200050004C003000310034', '082218168904', 'Default_No_Compression', '', '+6281100000', -1, 'Selamat asep akun anda telah diverifikasi dengan id PL014', 150, 'Modem1', 1, 'SendingOKNoReport', -1, 158, 255, 'Gammu 1.31.0'),
('2019-01-09 19:43:06', '2019-01-08 20:30:26', '2019-01-09 19:43:06', NULL, '0055007300650072002000620061007200750020006D0065006D00620075007400750068006B0061006E0020006B006F006E006600690072006D006100730069002000700065006E0064006100660074006100720061006E002C002000730069006C00610068006B0061006E002000630065006B002000680061006C0061006D0061006E002000610064006D0069006E00200075006E00740075006B0020006B006F006E006600690072006D006100730069', '085608417956', 'Default_No_Compression', '', '+6281100000', -1, 'User baru membutuhkan konfirmasi pendaftaran, silahkan cek halaman admin untuk konfirmasi', 149, 'Modem1', 1, 'SendingOKNoReport', -1, 157, 255, 'Gammu 1.31.0'),
('2019-01-09 19:42:57', '2019-01-08 20:17:42', '2019-01-09 19:42:57', NULL, '00550073006500720020007300750064006100680020006D0065006C0061006B0075006B0061006E00200074006F0070002D00750070002000640061006E0020006D0065006C0061006B0075006B0061006E002000700065006D006200610079006100720061006E0020006B0065002000720065006B0065006E0069006E006700200061002E006E0020005200790061006E002000660061006800720065006A00610020006D006F0068006F006E00200075006E00740075006B002000640069006B006F006E006600690072006D006100730069', '085608417956', 'Default_No_Compression', '', '+6281100000', -1, 'User sudah melakukan top-up dan melakukan pembayaran ke rekening a.n Ryan fahreja mohon untuk dikonfirmasi', 148, 'Modem1', 1, 'SendingOKNoReport', -1, 156, 255, 'Gammu 1.31.0'),
('2019-01-09 19:42:48', '2019-01-08 20:10:30', '2019-01-09 19:42:48', NULL, '0055007300650072002000620061007200750020006D0065006D00620075007400750068006B0061006E0020006B006F006E006600690072006D006100730069002000700065006E0064006100660074006100720061006E002C002000730069006C00610068006B0061006E002000630065006B002000680061006C0061006D0061006E002000610064006D0069006E00200075006E00740075006B0020006B006F006E006600690072006D006100730069', '085608417956', 'Default_No_Compression', '', '+6281100000', -1, 'User baru membutuhkan konfirmasi pendaftaran, silahkan cek halaman admin untuk konfirmasi', 147, 'Modem1', 1, 'SendingOKNoReport', -1, 155, 255, 'Gammu 1.31.0'),
('2019-01-09 19:42:29', '2019-01-08 20:08:58', '2019-01-09 19:42:29', NULL, '0055007300650072002000620061007200750020006D0065006D00620075007400750068006B0061006E0020006B006F006E006600690072006D006100730069002000700065006E0064006100660074006100720061006E002C002000730069006C00610068006B0061006E002000630065006B002000680061006C0061006D0061006E002000610064006D0069006E00200075006E00740075006B0020006B006F006E006600690072006D006100730069', '085608417956', 'Default_No_Compression', '', '+6281100000', -1, 'User baru membutuhkan konfirmasi pendaftaran, silahkan cek halaman admin untuk konfirmasi', 145, 'Modem1', 1, 'SendingOKNoReport', -1, 153, 255, 'Gammu 1.31.0'),
('2019-01-09 19:42:39', '2019-01-08 20:09:38', '2019-01-09 19:42:39', NULL, '0055007300650072002000620061007200750020006D0065006D00620075007400750068006B0061006E0020006B006F006E006600690072006D006100730069002000700065006E0064006100660074006100720061006E002C002000730069006C00610068006B0061006E002000630065006B002000680061006C0061006D0061006E002000610064006D0069006E00200075006E00740075006B0020006B006F006E006600690072006D006100730069', '085608417956', 'Default_No_Compression', '', '+6281100000', -1, 'User baru membutuhkan konfirmasi pendaftaran, silahkan cek halaman admin untuk konfirmasi', 146, 'Modem1', 1, 'SendingOKNoReport', -1, 154, 255, 'Gammu 1.31.0'),
('2019-01-09 19:42:20', '2019-01-08 20:08:17', '2019-01-09 19:42:20', NULL, '0055007300650072002000620061007200750020006D0065006D00620075007400750068006B0061006E0020006B006F006E006600690072006D006100730069002000700065006E0064006100660074006100720061006E002C002000730069006C00610068006B0061006E002000630065006B002000680061006C0061006D0061006E002000610064006D0069006E00200075006E00740075006B0020006B006F006E006600690072006D006100730069', '085608417956', 'Default_No_Compression', '', '+6281100000', -1, 'User baru membutuhkan konfirmasi pendaftaran, silahkan cek halaman admin untuk konfirmasi', 144, 'Modem1', 1, 'SendingOKNoReport', -1, 152, 255, 'Gammu 1.31.0'),
('2019-01-09 19:42:10', '2019-01-08 20:07:25', '2019-01-09 19:42:10', NULL, '0055007300650072002000620061007200750020006D0065006D00620075007400750068006B0061006E0020006B006F006E006600690072006D006100730069002000700065006E0064006100660074006100720061006E002C002000730069006C00610068006B0061006E002000630065006B002000680061006C0061006D0061006E002000610064006D0069006E00200075006E00740075006B0020006B006F006E006600690072006D006100730069', '085608417956', 'Default_No_Compression', '', '+6281100000', -1, 'User baru membutuhkan konfirmasi pendaftaran, silahkan cek halaman admin untuk konfirmasi', 143, 'Modem1', 1, 'SendingOKNoReport', -1, 151, 255, 'Gammu 1.31.0'),
('2019-01-09 19:42:01', '2019-01-08 20:06:10', '2019-01-09 19:42:01', NULL, '0055007300650072002000620061007200750020006D0065006D00620075007400750068006B0061006E0020006B006F006E006600690072006D006100730069002000700065006E0064006100660074006100720061006E002C002000730069006C00610068006B0061006E002000630065006B002000680061006C0061006D0061006E002000610064006D0069006E00200075006E00740075006B0020006B006F006E006600690072006D006100730069', '085608417956', 'Default_No_Compression', '', '+6281100000', -1, 'User baru membutuhkan konfirmasi pendaftaran, silahkan cek halaman admin untuk konfirmasi', 142, 'Modem1', 1, 'SendingOKNoReport', -1, 150, 255, 'Gammu 1.31.0'),
('2019-01-11 16:29:03', '2019-01-11 16:26:47', '2019-01-11 16:29:03', NULL, '003100300030002E003000380030003800300038003000380030002E0031003200330034', '085608417956', 'Default_No_Compression', '', '+6281100000', -1, '100.080808080.1234', 191, 'Modem1', 1, 'SendingError', -1, -1, 255, 'Gammu 1.31.0'),
('2019-01-11 16:31:38', '2019-01-11 16:31:06', '2019-01-11 16:31:38', NULL, '0055007300650072002000620061007200750020006D0065006D00620075007400750068006B0061006E0020006B006F006E006600690072006D006100730069002000700065006E0064006100660074006100720061006E002C002000730069006C00610068006B0061006E002000630065006B002000680061006C0061006D0061006E002000610064006D0069006E00200075006E00740075006B0020006B006F006E006600690072006D006100730069', '085608417956', 'Default_No_Compression', '', '+6281100000', -1, 'User baru membutuhkan konfirmasi pendaftaran, silahkan cek halaman admin untuk konfirmasi', 192, 'Modem1', 1, 'SendingError', -1, -1, 255, 'Gammu 1.31.0'),
('2019-01-11 16:31:42', '2019-01-11 16:31:16', '2019-01-11 16:31:42', NULL, '00530065006C0061006D00610074002000640065006100200061006B0075006E00200061006E00640061002000740065006C00610068002000640069007600650072006900660069006B006100730069002000640065006E00670061006E00200069006400200050004C003000300031', '0812121', 'Default_No_Compression', '', '+6281100000', -1, 'Selamat dea akun anda telah diverifikasi dengan id PL001', 193, 'Modem1', 1, 'SendingOKNoReport', -1, 194, 255, 'Gammu 1.31.0'),
('2019-01-11 16:32:18', '2019-01-11 16:31:48', '2019-01-11 16:32:18', NULL, '00550073006500720020007300750064006100680020006D0065006C0061006B0075006B0061006E00200074006F0070002D00750070002000640061006E0020006D0065006C0061006B0075006B0061006E002000700065006D006200610079006100720061006E0020006B0065002000720065006B0065006E0069006E006700200061002E006E002000440065006100200073006100740072006900610020006D0075006C007900610020006D006F0068006F006E00200075006E00740075006B002000640069006B006F006E006600690072006D006100730069', '085608417956', 'Default_No_Compression', '', '+6281100000', -1, 'User sudah melakukan top-up dan melakukan pembayaran ke rekening a.n Dea satria mulya mohon untuk dikonfirmasi', 194, 'Modem1', 1, 'SendingError', -1, -1, 255, 'Gammu 1.31.0'),
('2019-01-11 16:32:22', '2019-01-11 16:32:13', '2019-01-11 16:32:22', NULL, '00490073006900200074006F0070002000750070002000730065006200650073006100720020003200300030003000300030002000740065006C0061006800200062006500720068006100730069006C002000640069006C0061006B0075006B0061006E', '0812121', 'Default_No_Compression', '', '+6281100000', -1, 'Isi top up sebesar 200000 telah berhasil dilakukan', 195, 'Modem1', 1, 'SendingOKNoReport', -1, 195, 255, 'Gammu 1.31.0'),
('2019-01-11 16:33:56', '2019-01-11 16:33:29', '2019-01-11 16:33:56', NULL, '00490073006900200074006F0070002000750070002000730065006200650073006100720020003200300030003000300030002000740065006C0061006800200062006500720068006100730069006C002000640069006C0061006B0075006B0061006E', '0812121', 'Default_No_Compression', '', '+6281100000', -1, 'Isi top up sebesar 200000 telah berhasil dilakukan', 196, 'Modem1', 1, 'SendingOKNoReport', -1, 196, 255, 'Gammu 1.31.0'),
('2019-01-11 16:34:31', '2019-01-11 16:34:05', '2019-01-11 16:34:31', NULL, '00490073006900200074006F0070002000750070002000730065006200650073006100720020003200300030003000300030002000740065006C0061006800200062006500720068006100730069006C002000640069006C0061006B0075006B0061006E', '0812121', 'Default_No_Compression', '', '+6281100000', -1, 'Isi top up sebesar 200000 telah berhasil dilakukan', 197, 'Modem1', 1, 'SendingError', -1, -1, 255, 'Gammu 1.31.0'),
('2019-01-11 16:36:35', '2019-01-11 16:36:14', '2019-01-11 16:36:35', NULL, '00490073006900200074006F0070002000750070002000730065006200650073006100720020003200300030003000300030002000740065006C0061006800200062006500720068006100730069006C002000640069006C0061006B0075006B0061006E', '0812121', 'Default_No_Compression', '', '+6281100000', -1, 'Isi top up sebesar 200000 telah berhasil dilakukan', 198, 'Modem1', 1, 'SendingOKNoReport', -1, 197, 255, 'Gammu 1.31.0'),
('2019-01-11 16:37:09', '2019-01-11 16:36:53', '2019-01-11 16:37:09', NULL, '00550073006500720020007300750064006100680020006D0065006C0061006B0075006B0061006E00200074006F0070002D00750070002000640061006E0020006D0065006C0061006B0075006B0061006E002000700065006D006200610079006100720061006E0020006B0065002000720065006B0065006E0069006E006700200061002E006E002000440065006100200073006100740072006900610020006D0075006C007900610020006D006F0068006F006E00200075006E00740075006B002000640069006B006F006E006600690072006D006100730069', '085608417956', 'Default_No_Compression', '', '+6281100000', -1, 'User sudah melakukan top-up dan melakukan pembayaran ke rekening a.n Dea satria mulya mohon untuk dikonfirmasi', 199, 'Modem1', 1, 'SendingError', -1, -1, 255, 'Gammu 1.31.0'),
('2019-01-11 16:37:44', '2019-01-11 16:37:17', '2019-01-11 16:37:44', NULL, '00490073006900200074006F0070002000750070002000730065006200650073006100720020003200300030003000300030002000740065006C0061006800200062006500720068006100730069006C002000640069006C0061006B0075006B0061006E', '0812121', 'Default_No_Compression', '', '+6281100000', -1, 'Isi top up sebesar 200000 telah berhasil dilakukan', 200, 'Modem1', 1, 'SendingOKNoReport', -1, 198, 255, 'Gammu 1.31.0'),
('2019-01-11 16:40:31', '2019-01-11 16:39:51', '2019-01-11 16:40:31', NULL, '0055007300650072002000620061007200750020006D0065006D00620075007400750068006B0061006E0020006B006F006E006600690072006D006100730069002000700065006E0064006100660074006100720061006E002C002000730069006C00610068006B0061006E002000630065006B002000680061006C0061006D0061006E002000610064006D0069006E00200075006E00740075006B0020006B006F006E006600690072006D006100730069', '085608417956', 'Default_No_Compression', '', '+6281100000', -1, 'User baru membutuhkan konfirmasi pendaftaran, silahkan cek halaman admin untuk konfirmasi', 201, 'Modem1', 1, 'SendingError', -1, -1, 255, 'Gammu 1.31.0'),
('2019-01-11 16:45:43', '2019-01-11 16:45:12', '2019-01-11 16:45:43', NULL, '00530065006C0061006D006100740020005200650069006E0061006C0064007900200061006B0075006E00200061006E00640061002000740065006C00610068002000640069007600650072006900660069006B006100730069002000640065006E00670061006E00200069006400200050004C003000300031', '087714968627', 'Default_No_Compression', '', '+6281100000', -1, 'Selamat Reinaldy akun anda telah diverifikasi dengan id PL001', 202, 'Modem1', 1, 'SendingError', -1, -1, 255, 'Gammu 1.31.0'),
('2019-01-11 16:46:18', '2019-01-11 16:45:47', '2019-01-11 16:46:18', NULL, '0055007300650072002000620061007200750020006D0065006D00620075007400750068006B0061006E0020006B006F006E006600690072006D006100730069002000700065006E0064006100660074006100720061006E002C002000730069006C00610068006B0061006E002000630065006B002000680061006C0061006D0061006E002000610064006D0069006E00200075006E00740075006B0020006B006F006E006600690072006D006100730069', '085608417956', 'Default_No_Compression', '', '+6281100000', -1, 'User baru membutuhkan konfirmasi pendaftaran, silahkan cek halaman admin untuk konfirmasi', 203, 'Modem1', 1, 'SendingError', -1, -1, 255, 'Gammu 1.31.0'),
('2019-01-11 16:47:46', '2019-01-11 16:47:39', '2019-01-11 16:47:46', NULL, '00530065006C0061006D006100740020005200650069006E0061006C0064007900200061006B0075006E00200061006E00640061002000740065006C00610068002000640069007600650072006900660069006B006100730069002000640065006E00670061006E00200069006400200050004C003000300031', '087714968627', 'Default_No_Compression', '', '+6281100000', -1, 'Selamat Reinaldy akun anda telah diverifikasi dengan id PL001', 204, 'Modem1', 1, 'SendingError', -1, -1, 255, 'Gammu 1.31.0'),
('2019-01-11 17:16:21', '2019-01-11 17:14:07', '2019-01-11 17:16:21', NULL, '0055007300650072002000620061007200750020006D0065006D00620075007400750068006B0061006E0020006B006F006E006600690072006D006100730069002000700065006E0064006100660074006100720061006E002C002000730069006C00610068006B0061006E002000630065006B002000680061006C0061006D0061006E002000610064006D0069006E00200075006E00740075006B0020006B006F006E006600690072006D006100730069', '085608417956', 'Default_No_Compression', '', '+6281100000', -1, 'User baru membutuhkan konfirmasi pendaftaran, silahkan cek halaman admin untuk konfirmasi', 205, 'Modem1', 1, 'SendingOKNoReport', -1, 199, 255, 'Gammu 1.31.0'),
('2019-01-11 17:16:24', '2019-01-11 17:14:29', '2019-01-11 17:16:24', NULL, '00530065006C0061006D00610074002000740065007400200061006B0075006E00200061006E00640061002000740065006C00610068002000640069007600650072006900660069006B006100730069002000640065006E00670061006E00200069006400200050004C003000300032', '024048104', 'Default_No_Compression', '', '+6281100000', -1, 'Selamat tet akun anda telah diverifikasi dengan id PL002', 206, 'Modem1', 1, 'SendingOKNoReport', -1, 200, 255, 'Gammu 1.31.0'),
('2019-01-11 17:19:04', '2019-01-11 17:18:47', '2019-01-11 17:19:04', NULL, '0055007300650072002000620061007200750020006D0065006D00620075007400750068006B0061006E0020006B006F006E006600690072006D006100730069002000700065006E0064006100660074006100720061006E002C002000730069006C00610068006B0061006E002000630065006B002000680061006C0061006D0061006E002000610064006D0069006E00200075006E00740075006B0020006B006F006E006600690072006D006100730069', '085608417956', 'Default_No_Compression', '', '+6281100000', -1, 'User baru membutuhkan konfirmasi pendaftaran, silahkan cek halaman admin untuk konfirmasi', 207, 'Modem1', 1, 'SendingOKNoReport', -1, 201, 255, 'Gammu 1.31.0'),
('2019-01-11 17:20:14', '2019-01-11 17:19:37', '2019-01-11 17:20:14', NULL, '00530065006C0061006D006100740020007200650069006E0061006C0064007900200061006B0075006E00200061006E00640061002000740065006C00610068002000640069007600650072006900660069006B006100730069002000640065006E00670061006E00200069006400200050004C003000300031', '087714968627', 'Default_No_Compression', '', '+6281100000', -1, 'Selamat reinaldy akun anda telah diverifikasi dengan id PL001', 208, 'Modem1', 1, 'SendingOKNoReport', -1, 202, 255, 'Gammu 1.31.0'),
('2019-01-11 17:21:25', '2019-01-11 17:21:12', '2019-01-11 17:21:25', NULL, '00550073006500720020007300750064006100680020006D0065006C0061006B0075006B0061006E00200074006F0070002D00750070002000640061006E0020006D0065006C0061006B0075006B0061006E002000700065006D006200610079006100720061006E0020006B0065002000720065006B0065006E0069006E006700200061002E006E0020005200650069006E0061006C006400790020005200610068006D0061006400690061006E0020006D006F0068006F006E00200075006E00740075006B002000640069006B006F006E006600690072006D006100730069', '085608417956', 'Default_No_Compression', '', '+6281100000', -1, 'User sudah melakukan top-up dan melakukan pembayaran ke rekening a.n Reinaldy Rahmadian mohon untuk dikonfirmasi', 209, 'Modem1', 1, 'SendingOKNoReport', -1, 203, 255, 'Gammu 1.31.0'),
('2019-01-11 17:22:34', '2019-01-11 17:22:02', '2019-01-11 17:22:34', NULL, '00490073006900200074006F007000200075007000200073006500620065007300610072002000350030003000300030002000740065006C0061006800200062006500720068006100730069006C002000640069006C0061006B0075006B0061006E', '087714968627', 'Default_No_Compression', '', '+6281100000', -1, 'Isi top up sebesar 50000 telah berhasil dilakukan', 210, 'Modem1', 1, 'SendingOKNoReport', -1, 204, 255, 'Gammu 1.31.0'),
('2019-01-11 17:23:44', '2019-01-11 17:23:10', '2019-01-11 17:23:44', NULL, '0035002E003000380037003700310034003900360038003600320037002E0031003200330034', '085608417956', 'Default_No_Compression', '', '+6281100000', -1, '5.087714968627.1234', 211, 'Modem1', 1, 'SendingOKNoReport', -1, 205, 255, 'Gammu 1.31.0'),
('2019-01-11 20:09:46', '2019-01-11 19:46:32', '2019-01-11 20:09:46', NULL, '00550073006500720020007300750064006100680020006D0065006C0061006B0075006B0061006E00200074006F0070002D00750070002000640061006E0020006D0065006C0061006B0075006B0061006E002000700065006D006200610079006100720061006E0020006B0065002000720065006B0065006E0069006E006700200061002E006E002000440065006100200073006100740072006900610020006D0075006C007900610020006D006F0068006F006E00200075006E00740075006B002000640069006B006F006E006600690072006D006100730069', '085608417956', 'Default_No_Compression', '', '+6281100000', -1, 'User sudah melakukan top-up dan melakukan pembayaran ke rekening a.n Dea satria mulya mohon untuk dikonfirmasi', 212, 'Modem1', 1, 'SendingOKNoReport', -1, 206, 255, 'Gammu 1.31.0'),
('2019-01-11 20:09:49', '2019-01-11 19:46:47', '2019-01-11 20:09:49', NULL, '00490073006900200074006F007000200075007000200073006500620065007300610072002000320030003000300030002000740065006C0061006800200062006500720068006100730069006C002000640069006C0061006B0075006B0061006E', '080808', 'Default_No_Compression', '', '+6281100000', -1, 'Isi top up sebesar 20000 telah berhasil dilakukan', 213, 'Modem1', 1, 'SendingError', -1, -1, 255, 'Gammu 1.31.0'),
('2019-01-11 20:10:00', '2019-01-11 19:49:47', '2019-01-11 20:10:00', NULL, '00550073006500720020007300750064006100680020006D0065006C0061006B0075006B0061006E00200074006F0070002D00750070002000640061006E0020006D0065006C0061006B0075006B0061006E002000700065006D006200610079006100720061006E0020006B0065002000720065006B0065006E0069006E006700200061002E006E002000440065006100200073006100740072006900610020006D0075006C007900610020006D006F0068006F006E00200075006E00740075006B002000640069006B006F006E006600690072006D006100730069', '085608417956', 'Default_No_Compression', '', '+6281100000', -1, 'User sudah melakukan top-up dan melakukan pembayaran ke rekening a.n Dea satria mulya mohon untuk dikonfirmasi', 214, 'Modem1', 1, 'SendingOKNoReport', -1, 207, 255, 'Gammu 1.31.0'),
('2019-01-11 20:10:03', '2019-01-11 19:49:59', '2019-01-11 20:10:03', NULL, '00490073006900200074006F0070002000750070002000730065006200650073006100720020003100300030003000300030002000740065006C0061006800200062006500720068006100730069006C002000640069006C0061006B0075006B0061006E', '080808', 'Default_No_Compression', '', '+6281100000', -1, 'Isi top up sebesar 100000 telah berhasil dilakukan', 215, 'Modem1', 1, 'SendingError', -1, -1, 255, 'Gammu 1.31.0'),
('2019-01-11 20:10:14', '2019-01-11 20:06:07', '2019-01-11 20:10:14', NULL, '00550073006500720020007300750064006100680020006D0065006C0061006B0075006B0061006E00200074006F0070002D00750070002000640061006E0020006D0065006C0061006B0075006B0061006E002000700065006D006200610079006100720061006E0020006B0065002000720065006B0065006E0069006E006700200061002E006E002000440065006100200073006100740072006900610020006D0075006C007900610020006D006F0068006F006E00200075006E00740075006B002000640069006B006F006E006600690072006D006100730069', '085608417956', 'Default_No_Compression', '', '+6281100000', -1, 'User sudah melakukan top-up dan melakukan pembayaran ke rekening a.n Dea satria mulya mohon untuk dikonfirmasi', 216, 'Modem1', 1, 'SendingOKNoReport', -1, 208, 255, 'Gammu 1.31.0'),
('2019-01-11 20:10:17', '2019-01-11 20:06:25', '2019-01-11 20:10:17', NULL, '00490073006900200074006F007000200075007000200073006500620065007300610072002000330035003000300030002000740065006C0061006800200062006500720068006100730069006C002000640069006C0061006B0075006B0061006E', '080808', 'Default_No_Compression', '', '+6281100000', -1, 'Isi top up sebesar 35000 telah berhasil dilakukan', 217, 'Modem1', 1, 'SendingError', -1, -1, 255, 'Gammu 1.31.0'),
('2019-01-11 20:10:27', '2019-01-11 20:09:24', '2019-01-11 20:10:27', NULL, '0055007300650072002000620061007200750020006D0065006D00620075007400750068006B0061006E0020006B006F006E006600690072006D006100730069002000700065006E0064006100660074006100720061006E002C002000730069006C00610068006B0061006E002000630065006B002000680061006C0061006D0061006E002000610064006D0069006E00200075006E00740075006B0020006B006F006E006600690072006D006100730069', '085608417956', 'Default_No_Compression', '', '+6281100000', -1, 'User baru membutuhkan konfirmasi pendaftaran, silahkan cek halaman admin untuk konfirmasi', 218, 'Modem1', 1, 'SendingOKNoReport', -1, 209, 255, 'Gammu 1.31.0'),
('2019-01-11 20:11:37', '2019-01-11 20:11:00', '2019-01-11 20:11:37', NULL, '0055007300650072002000620061007200750020006D0065006D00620075007400750068006B0061006E0020006B006F006E006600690072006D006100730069002000700065006E0064006100660074006100720061006E002C002000730069006C00610068006B0061006E002000630065006B002000680061006C0061006D0061006E002000610064006D0069006E00200075006E00740075006B0020006B006F006E006600690072006D006100730069', '085608417956', 'Default_No_Compression', '', '+6281100000', -1, 'User baru membutuhkan konfirmasi pendaftaran, silahkan cek halaman admin untuk konfirmasi', 219, 'Modem1', 1, 'SendingOKNoReport', -1, 210, 255, 'Gammu 1.31.0'),
('2019-01-11 20:11:46', '2019-01-11 20:11:21', '2019-01-11 20:11:46', NULL, '00530065006C0061006D006100740020005200650069006E0061006C0064007900200061006B0075006E00200061006E00640061002000740065006C00610068002000640069007600650072006900660069006B006100730069002000640065006E00670061006E00200069006400200050004C003000300031', '087714968627', 'Default_No_Compression', '', '+6281100000', -1, 'Selamat Reinaldy akun anda telah diverifikasi dengan id PL001', 220, 'Modem1', 1, 'SendingOKNoReport', -1, 211, 255, 'Gammu 1.31.0'),
('2019-01-11 20:12:57', '2019-01-11 20:12:21', '2019-01-11 20:12:57', NULL, '00550073006500720020007300750064006100680020006D0065006C0061006B0075006B0061006E00200074006F0070002D00750070002000640061006E0020006D0065006C0061006B0075006B0061006E002000700065006D006200610079006100720061006E0020006B0065002000720065006B0065006E0069006E006700200061002E006E0020005200650069006E0061006C006400790020006D006F0068006F006E00200075006E00740075006B002000640069006B006F006E006600690072006D006100730069', '085608417956', 'Default_No_Compression', '', '+6281100000', -1, 'User sudah melakukan top-up dan melakukan pembayaran ke rekening a.n Reinaldy mohon untuk dikonfirmasi', 221, 'Modem1', 1, 'SendingOKNoReport', -1, 212, 255, 'Gammu 1.31.0'),
('2019-01-11 20:16:06', '2019-01-11 20:15:30', '2019-01-11 20:16:06', NULL, '00490073006900200074006F007000200075007000200073006500620065007300610072002000350030003000300030002000740065006C0061006800200062006500720068006100730069006C002000640069006C0061006B0075006B0061006E', '087714968627', 'Default_No_Compression', '', '+6281100000', -1, 'Isi top up sebesar 50000 telah berhasil dilakukan', 222, 'Modem1', 1, 'SendingOKNoReport', -1, 213, 255, 'Gammu 1.31.0'),
('2019-01-11 20:16:47', '2019-01-11 20:16:28', '2019-01-11 20:16:47', NULL, '00350030002E003000380037003700310034003900360038003600320037002E0031003200330034', '085608417956', 'Default_No_Compression', '', '+6281100000', -1, '50.087714968627.1234', 223, 'Modem1', 1, 'SendingOKNoReport', -1, 214, 255, 'Gammu 1.31.0'),
('2019-01-11 20:17:57', '2019-01-11 20:17:25', '2019-01-11 20:17:57', NULL, '00550073006500720020007300750064006100680020006D0065006C0061006B0075006B0061006E00200074006F0070002D00750070002000640061006E0020006D0065006C0061006B0075006B0061006E002000700065006D006200610079006100720061006E0020006B0065002000720065006B0065006E0069006E006700200061002E006E0020005200650069006E0061006C006400790020005200610068006D0061006400690061006E0020006D006F0068006F006E00200075006E00740075006B002000640069006B006F006E006600690072006D006100730069', '085608417956', 'Default_No_Compression', '', '+6281100000', -1, 'User sudah melakukan top-up dan melakukan pembayaran ke rekening a.n Reinaldy Rahmadian mohon untuk dikonfirmasi', 224, 'Modem1', 1, 'SendingOKNoReport', -1, 215, 255, 'Gammu 1.31.0'),
('2019-01-11 20:18:36', '2019-01-11 20:18:15', '2019-01-11 20:18:36', NULL, '00490073006900200074006F00700020007500700020007300650062006500730061007200200031003000300030003000300030002000740065006C0061006800200062006500720068006100730069006C002000640069006C0061006B0075006B0061006E', '087714968627', 'Default_No_Compression', '', '+6281100000', -1, 'Isi top up sebesar 1000000 telah berhasil dilakukan', 225, 'Modem1', 1, 'SendingOKNoReport', -1, 216, 255, 'Gammu 1.31.0'),
('2019-01-11 20:26:47', '2019-01-11 20:26:19', '2019-01-11 20:26:47', NULL, '0055007300650072002000620061007200750020006D0065006D00620075007400750068006B0061006E0020006B006F006E006600690072006D006100730069002000700065006E0064006100660074006100720061006E002C002000730069006C00610068006B0061006E002000630065006B002000680061006C0061006D0061006E002000610064006D0069006E00200075006E00740075006B0020006B006F006E006600690072006D006100730069', '085608417956', 'Default_No_Compression', '', '+6281100000', -1, 'User baru membutuhkan konfirmasi pendaftaran, silahkan cek halaman admin untuk konfirmasi', 226, 'Modem1', 1, 'SendingOKNoReport', -1, 217, 255, 'Gammu 1.31.0'),
('2019-01-11 20:27:27', '2019-01-11 20:27:02', '2019-01-11 20:27:27', NULL, '00530065006C0061006D006100740020005200650069006E0061006C0064007900200061006B0075006E00200061006E00640061002000740065006C00610068002000640069007600650072006900660069006B006100730069002000640065006E00670061006E00200069006400200050004C003000300031', '087714968627', 'Default_No_Compression', '', '+6281100000', -1, 'Selamat Reinaldy akun anda telah diverifikasi dengan id PL001', 227, 'Modem1', 1, 'SendingOKNoReport', -1, 218, 255, 'Gammu 1.31.0');
INSERT INTO `sentitems` (`UpdatedInDB`, `InsertIntoDB`, `SendingDateTime`, `DeliveryDateTime`, `Text`, `DestinationNumber`, `Coding`, `UDH`, `SMSCNumber`, `Class`, `TextDecoded`, `ID`, `SenderID`, `SequencePosition`, `Status`, `StatusError`, `TPMR`, `RelativeValidity`, `CreatorID`) VALUES
('2019-01-11 20:29:26', '2019-01-11 20:28:03', '2019-01-11 20:29:26', NULL, '00550073006500720020007300750064006100680020006D0065006C0061006B0075006B0061006E00200074006F0070002D00750070002000640061006E0020006D0065006C0061006B0075006B0061006E002000700065006D006200610079006100720061006E0020006B0065002000720065006B0065006E0069006E006700200061002E006E0020005200650069006E0061006C006400790020006D006F0068006F006E00200075006E00740075006B002000640069006B006F006E006600690072006D006100730069', '085608417956', 'Default_No_Compression', '', '+6281100000', -1, 'User sudah melakukan top-up dan melakukan pembayaran ke rekening a.n Reinaldy mohon untuk dikonfirmasi', 228, 'Modem1', 1, 'SendingOKNoReport', -1, -1, 255, 'Gammu 1.31.0'),
('2019-01-11 20:30:46', '2019-01-11 20:29:45', '2019-01-11 20:30:46', NULL, '00490073006900200074006F007000200075007000200073006500620065007300610072002000360030003000300030002000740065006C0061006800200062006500720068006100730069006C002000640069006C0061006B0075006B0061006E', '087714968627', 'Default_No_Compression', '', '+6281100000', -1, 'Isi top up sebesar 60000 telah berhasil dilakukan', 229, 'Modem1', 1, 'SendingOKNoReport', -1, -1, 255, 'Gammu 1.31.0'),
('2019-01-11 20:32:47', '2019-01-11 20:31:35', '2019-01-11 20:32:47', NULL, '00350030002E003000380037003700310034003900360038003600320037002E0031003200330034', '085608417956', 'Default_No_Compression', '', '+6281100000', -1, '50.087714968627.1234', 230, 'Modem1', 1, 'SendingOKNoReport', -1, -1, 255, 'Gammu 1.31.0'),
('2019-01-11 20:34:06', '2019-01-11 20:31:51', '2019-01-11 20:34:06', NULL, '0035002E003000380037003700310034003900360038003600320037002E0031003200330034', '085608417956', 'Default_No_Compression', '', '+6281100000', -1, '5.087714968627.1234', 231, 'Modem1', 1, 'SendingOKNoReport', -1, -1, 255, 'Gammu 1.31.0'),
('2019-01-11 20:35:25', '2019-01-11 20:32:09', '2019-01-11 20:35:25', NULL, '0035002E003000380037003700310034003900360038003600320037002E0031003200330034', '085608417956', 'Default_No_Compression', '', '+6281100000', -1, '5.087714968627.1234', 232, 'Modem1', 1, 'SendingOKNoReport', -1, -1, 255, 'Gammu 1.31.0'),
('2019-01-12 02:04:34', '2019-01-12 02:04:18', '2019-01-12 02:04:34', NULL, '0055007300650072002000620061007200750020006D0065006D00620075007400750068006B0061006E0020006B006F006E006600690072006D006100730069002000700065006E0064006100660074006100720061006E002C002000730069006C00610068006B0061006E002000630065006B002000680061006C0061006D0061006E002000610064006D0069006E00200075006E00740075006B0020006B006F006E006600690072006D006100730069', '085608417956', 'Default_No_Compression', '', '+6281100000', -1, 'User baru membutuhkan konfirmasi pendaftaran, silahkan cek halaman admin untuk konfirmasi', 233, 'Modem1', 1, 'SendingOKNoReport', -1, 224, 255, 'Gammu 1.31.0'),
('2019-01-12 02:05:45', '2019-01-12 02:05:05', '2019-01-12 02:05:45', NULL, '00530065006C0061006D006100740020004E0061007500660061006C0020004100720069006E0061006C002000480061007100200061006B0075006E00200061006E00640061002000740065006C00610068002000640069007600650072006900660069006B006100730069002000640065006E00670061006E00200069006400200050004C003000300031', '081310818697', 'Default_No_Compression', '', '+6281100000', -1, 'Selamat Naufal Arinal Haq akun anda telah diverifikasi dengan id PL001', 234, 'Modem1', 1, 'SendingOKNoReport', -1, 225, 255, 'Gammu 1.31.0'),
('2019-01-12 02:06:56', '2019-01-12 02:06:45', '2019-01-12 02:06:56', NULL, '00550073006500720020007300750064006100680020006D0065006C0061006B0075006B0061006E00200074006F0070002D00750070002000640061006E0020006D0065006C0061006B0075006B0061006E002000700065006D006200610079006100720061006E0020006B0065002000720065006B0065006E0069006E006700200061002E006E0020004E0061007500660061006C0020004100720069006E0061006C00200048006100710020006D006F0068006F006E00200075006E00740075006B002000640069006B006F006E006600690072006D006100730069', '085608417956', 'Default_No_Compression', '', '+6281100000', -1, 'User sudah melakukan top-up dan melakukan pembayaran ke rekening a.n Naufal Arinal Haq mohon untuk dikonfirmasi', 235, 'Modem1', 1, 'SendingOKNoReport', -1, 226, 255, 'Gammu 1.31.0'),
('2019-01-12 02:08:10', '2019-01-12 02:07:35', '2019-01-12 02:08:10', NULL, '00490073006900200074006F007000200075007000200073006500620065007300610072002000350030003000300030002000740065006C0061006800200062006500720068006100730069006C002000640069006C0061006B0075006B0061006E', '081310818697', 'Default_No_Compression', '', '+6281100000', -1, 'Isi top up sebesar 50000 telah berhasil dilakukan', 236, 'Modem1', 1, 'SendingOKNoReport', -1, 227, 255, 'Gammu 1.31.0'),
('2019-01-12 02:08:18', '2019-01-12 02:07:59', '2019-01-12 02:08:18', NULL, '00350030002E003000380031003300310030003800310038003600390037002E0031003200330034', '085608417956', 'Default_No_Compression', '', '+6281100000', -1, '50.081310818697.1234', 237, 'Modem1', 1, 'SendingOKNoReport', -1, 228, 255, 'Gammu 1.31.0'),
('2019-01-12 02:52:26', '2019-01-12 02:52:04', '2019-01-12 02:52:26', NULL, '0055007300650072002000620061007200750020006D0065006D00620075007400750068006B0061006E0020006B006F006E006600690072006D006100730069002000700065006E0064006100660074006100720061006E002C002000730069006C00610068006B0061006E002000630065006B002000680061006C0061006D0061006E002000610064006D0069006E00200075006E00740075006B0020006B006F006E006600690072006D006100730069', '085608417956', 'Default_No_Compression', '', '+6281100000', -1, 'User baru membutuhkan konfirmasi pendaftaran, silahkan cek halaman admin untuk konfirmasi', 238, 'Modem1', 1, 'SendingOKNoReport', -1, 229, 255, 'Gammu 1.31.0'),
('2019-01-12 02:53:06', '2019-01-12 02:52:45', '2019-01-12 02:53:06', NULL, '00530065006C0061006D006100740020004E0061007500660061006C0020004100720069006E0061006C002000480061007100200061006B0075006E00200061006E00640061002000740065006C00610068002000640069007600650072006900660069006B006100730069002000640065006E00670061006E00200069006400200050004C003000300031', '081310818697', 'Default_No_Compression', '', '+6281100000', -1, 'Selamat Naufal Arinal Haq akun anda telah diverifikasi dengan id PL001', 239, 'Modem1', 1, 'SendingOKNoReport', -1, 230, 255, 'Gammu 1.31.0'),
('2019-01-12 05:32:01', '2019-01-12 05:31:42', '2019-01-12 05:32:01', NULL, '0055007300650072002000620061007200750020006D0065006D00620075007400750068006B0061006E0020006B006F006E006600690072006D006100730069002000700065006E0064006100660074006100720061006E002C002000730069006C00610068006B0061006E002000630065006B002000680061006C0061006D0061006E002000610064006D0069006E00200075006E00740075006B0020006B006F006E006600690072006D006100730069', '085608417956', 'Default_No_Compression', '', '+6281100000', -1, 'User baru membutuhkan konfirmasi pendaftaran, silahkan cek halaman admin untuk konfirmasi', 240, 'Modem1', 1, 'SendingOKNoReport', -1, 231, 255, 'Gammu 1.31.0'),
('2019-01-12 05:33:41', '2019-01-12 05:33:17', '2019-01-12 05:33:41', NULL, '00530065006C0061006D006100740020004E0061007500660061006C0020004100720069006E0061006C002000480061007100200061006B0075006E00200061006E00640061002000740065006C00610068002000640069007600650072006900660069006B006100730069002000640065006E00670061006E00200069006400200050004C003000300031', '0813108697', 'Default_No_Compression', '', '+6281100000', -1, 'Selamat Naufal Arinal Haq akun anda telah diverifikasi dengan id PL001', 241, 'Modem1', 1, 'SendingOKNoReport', -1, 232, 255, 'Gammu 1.31.0'),
('2019-01-12 05:36:22', '2019-01-12 05:35:53', '2019-01-12 05:36:22', NULL, '0055007300650072002000620061007200750020006D0065006D00620075007400750068006B0061006E0020006B006F006E006600690072006D006100730069002000700065006E0064006100660074006100720061006E002C002000730069006C00610068006B0061006E002000630065006B002000680061006C0061006D0061006E002000610064006D0069006E00200075006E00740075006B0020006B006F006E006600690072006D006100730069', '085608417956', 'Default_No_Compression', '', '+6281100000', -1, 'User baru membutuhkan konfirmasi pendaftaran, silahkan cek halaman admin untuk konfirmasi', 242, 'Modem1', 1, 'SendingOKNoReport', -1, 233, 255, 'Gammu 1.31.0'),
('2019-01-12 05:37:53', '2019-01-12 05:36:40', '2019-01-12 05:37:53', NULL, '00530065006C0061006D006100740020004E0061007500660061006C0020004100720069006E0061006C002000480061007100200061006B0075006E00200061006E00640061002000740065006C00610068002000640069007600650072006900660069006B006100730069002000640065006E00670061006E00200069006400200050004C003000300031', '081310818697', 'Default_No_Compression', '', '+6281100000', -1, 'Selamat Naufal Arinal Haq akun anda telah diverifikasi dengan id PL001', 243, 'Modem1', 1, 'SendingOKNoReport', -1, -1, 255, 'Gammu 1.31.0'),
('2019-01-12 05:39:55', '2019-01-12 05:38:57', '2019-01-12 05:39:55', NULL, '00550073006500720020007300750064006100680020006D0065006C0061006B0075006B0061006E00200074006F0070002D00750070002000640061006E0020006D0065006C0061006B0075006B0061006E002000700065006D006200610079006100720061006E0020006B0065002000720065006B0065006E0069006E006700200061002E006E0020004E0061007500660061006C0020004100720069006E0061006C00200048006100710020006D006F0068006F006E00200075006E00740075006B002000640069006B006F006E006600690072006D006100730069', '085608417956', 'Default_No_Compression', '', '+6281100000', -1, 'User sudah melakukan top-up dan melakukan pembayaran ke rekening a.n Naufal Arinal Haq mohon untuk dikonfirmasi', 244, 'Modem1', 1, 'SendingOKNoReport', -1, -1, 255, 'Gammu 1.31.0'),
('2019-01-12 05:41:57', '2019-01-12 05:40:25', '2019-01-12 05:41:57', NULL, '00490073006900200074006F007000200075007000200073006500620065007300610072002000350030003000300030002000740065006C0061006800200062006500720068006100730069006C002000640069006C0061006B0075006B0061006E', '081310818697', 'Default_No_Compression', '', '+6281100000', -1, 'Isi top up sebesar 50000 telah berhasil dilakukan', 245, 'Modem1', 1, 'SendingOKNoReport', -1, -1, 255, 'Gammu 1.31.0'),
('2019-01-12 05:43:58', '2019-01-12 05:43:00', '2019-01-12 05:43:58', NULL, '00350030002E003000380031003300310030003800310038003600390037002E0031003200330034', '085608417956', 'Default_No_Compression', '', '+6281100000', -1, '50.081310818697.1234', 246, 'Modem1', 1, 'SendingOKNoReport', -1, -1, 255, 'Gammu 1.31.0'),
('2019-01-12 05:46:41', '2019-01-12 05:45:11', '2019-01-12 05:46:41', NULL, '0035002E003000380035003300310036003700320037003700320034002E0031003200330034', '085608417956', 'Default_No_Compression', '', '+6281100000', -1, '5.085316727724.1234', 247, 'Modem1', 1, 'SendingOKNoReport', -1, -1, 255, 'Gammu 1.31.0'),
('2019-01-12 06:44:59', '2019-01-12 06:14:48', '2019-01-12 06:44:59', NULL, '0055007300650072002000620061007200750020006D0065006D00620075007400750068006B0061006E0020006B006F006E006600690072006D006100730069002000700065006E0064006100660074006100720061006E002C002000730069006C00610068006B0061006E002000630065006B002000680061006C0061006D0061006E002000610064006D0069006E00200075006E00740075006B0020006B006F006E006600690072006D006100730069', '085608417956', 'Default_No_Compression', '', '+6281100000', -1, 'User baru membutuhkan konfirmasi pendaftaran, silahkan cek halaman admin untuk konfirmasi', 248, 'Modem1', 1, 'SendingOKNoReport', -1, 239, 255, 'Gammu 1.31.0'),
('2019-01-12 06:45:08', '2019-01-12 06:15:34', '2019-01-12 06:45:08', NULL, '00530065006C0061006D006100740020004E0061007500660061006C0020004100720069006E0061006C002000480061007100200061006B0075006E00200061006E00640061002000740065006C00610068002000640069007600650072006900660069006B006100730069002000640065006E00670061006E00200069006400200050004C003000300032', '081310818697', 'Default_No_Compression', '', '+6281100000', -1, 'Selamat Naufal Arinal Haq akun anda telah diverifikasi dengan id PL002', 249, 'Modem1', 1, 'SendingOKNoReport', -1, 240, 255, 'Gammu 1.31.0'),
('2019-01-12 06:45:18', '2019-01-12 06:18:06', '2019-01-12 06:45:18', NULL, '00550073006500720020007300750064006100680020006D0065006C0061006B0075006B0061006E00200074006F0070002D00750070002000640061006E0020006D0065006C0061006B0075006B0061006E002000700065006D006200610079006100720061006E0020006B0065002000720065006B0065006E0069006E006700200061002E006E0020004E0061007500660061006C0020004100720069006E0061006C00200048006100710020006D006F0068006F006E00200075006E00740075006B002000640069006B006F006E006600690072006D006100730069', '085608417956', 'Default_No_Compression', '', '+6281100000', -1, 'User sudah melakukan top-up dan melakukan pembayaran ke rekening a.n Naufal Arinal Haq mohon untuk dikonfirmasi', 250, 'Modem1', 1, 'SendingOKNoReport', -1, 241, 255, 'Gammu 1.31.0'),
('2019-01-12 06:45:26', '2019-01-12 06:18:49', '2019-01-12 06:45:26', NULL, '00490073006900200074006F007000200075007000200073006500620065007300610072002000350030003000300030002000740065006C0061006800200062006500720068006100730069006C002000640069006C0061006B0075006B0061006E', '081310818697', 'Default_No_Compression', '', '+6281100000', -1, 'Isi top up sebesar 50000 telah berhasil dilakukan', 251, 'Modem1', 1, 'SendingOKNoReport', -1, 242, 255, 'Gammu 1.31.0'),
('2019-01-12 06:45:35', '2019-01-12 06:19:45', '2019-01-12 06:45:35', NULL, '00350030002E003000380031003300310030003800310038003600390037002E0031003200330034', '085608417956', 'Default_No_Compression', '', '+6281100000', -1, '50.081310818697.1234', 252, 'Modem1', 1, 'SendingOKNoReport', -1, 243, 255, 'Gammu 1.31.0'),
('2019-01-12 06:45:43', '2019-01-12 06:21:28', '2019-01-12 06:45:43', NULL, '00350030002E00300038003500320032003300340034003300350036002E0031003200330034', '085608417956', 'Default_No_Compression', '', '+6281100000', -1, '50.08522344356.1234', 253, 'Modem1', 1, 'SendingOKNoReport', -1, 244, 255, 'Gammu 1.31.0'),
('2019-01-12 06:45:53', '2019-01-12 06:30:42', '2019-01-12 06:45:53', NULL, '0055007300650072002000620061007200750020006D0065006D00620075007400750068006B0061006E0020006B006F006E006600690072006D006100730069002000700065006E0064006100660074006100720061006E002C002000730069006C00610068006B0061006E002000630065006B002000680061006C0061006D0061006E002000610064006D0069006E00200075006E00740075006B0020006B006F006E006600690072006D006100730069', '085608417956', 'Default_No_Compression', '', '+6281100000', -1, 'User baru membutuhkan konfirmasi pendaftaran, silahkan cek halaman admin untuk konfirmasi', 254, 'Modem1', 1, 'SendingOKNoReport', -1, 245, 255, 'Gammu 1.31.0'),
('2019-01-12 06:46:02', '2019-01-12 06:45:45', '2019-01-12 06:46:02', NULL, '00530065006C0061006D006100740020004D007500680061006D006D00610064002000520069006400770061006E00200061006B0075006E00200061006E00640061002000740065006C00610068002000640069007600650072006900660069006B006100730069002000640065006E00670061006E00200069006400200050004C003000300033', '082216876845', 'Default_No_Compression', '', '+6281100000', -1, 'Selamat Muhammad Ridwan akun anda telah diverifikasi dengan id PL003', 255, 'Modem1', 1, 'SendingOKNoReport', -1, 246, 255, 'Gammu 1.31.0'),
('2019-01-12 06:47:42', '2019-01-12 06:47:11', '2019-01-12 06:47:42', NULL, '00550073006500720020007300750064006100680020006D0065006C0061006B0075006B0061006E00200074006F0070002D00750070002000640061006E0020006D0065006C0061006B0075006B0061006E002000700065006D006200610079006100720061006E0020006B0065002000720065006B0065006E0069006E006700200061002E006E002000520069006400770061006E0020006D006F0068006F006E00200075006E00740075006B002000640069006B006F006E006600690072006D006100730069', '085608417956', 'Default_No_Compression', '', '+6281100000', -1, 'User sudah melakukan top-up dan melakukan pembayaran ke rekening a.n Ridwan mohon untuk dikonfirmasi', 256, 'Modem1', 1, 'SendingOKNoReport', -1, 247, 255, 'Gammu 1.31.0'),
('2019-01-12 06:48:22', '2019-01-12 06:48:09', '2019-01-12 06:48:22', NULL, '00490073006900200074006F007000200075007000200073006500620065007300610072002000350030003000300030002000740065006C0061006800200062006500720068006100730069006C002000640069006C0061006B0075006B0061006E', '082216876845', 'Default_No_Compression', '', '+6281100000', -1, 'Isi top up sebesar 50000 telah berhasil dilakukan', 257, 'Modem1', 1, 'SendingOKNoReport', -1, 248, 255, 'Gammu 1.31.0');

--
-- Triggers `sentitems`
--
DELIMITER $$
CREATE TRIGGER `sentitems_timestamp` BEFORE INSERT ON `sentitems` FOR EACH ROW BEGIN
    IF NEW.InsertIntoDB = '0000-00-00 00:00:00' THEN
        SET NEW.InsertIntoDB = CURRENT_TIMESTAMP();
    END IF;
    IF NEW.SendingDateTime = '0000-00-00 00:00:00' THEN
        SET NEW.SendingDateTime = CURRENT_TIMESTAMP();
    END IF;
END
$$
DELIMITER ;

-- --------------------------------------------------------

--
-- Table structure for table `sms_center`
--

CREATE TABLE `sms_center` (
  `id_sms_center` int(11) NOT NULL,
  `nama_sms_center` varchar(100) NOT NULL,
  `alamat` longtext NOT NULL
) ENGINE=InnoDB DEFAULT CHARSET=latin1;

--
-- Dumping data for table `sms_center`
--

INSERT INTO `sms_center` (`id_sms_center`, `nama_sms_center`, `alamat`) VALUES
(1, 'KL CELL', 'Manonjaya'),
(2, 'Desta Cell', 'Cineam');

-- --------------------------------------------------------

--
-- Table structure for table `sms_transaksi`
--

CREATE TABLE `sms_transaksi` (
  `no_faktur` varchar(15) NOT NULL,
  `tanggal` date NOT NULL,
  `id_pulsa` int(11) NOT NULL,
  `no_telp` varchar(15) NOT NULL,
  `nominal` decimal(10,0) NOT NULL,
  `id_admin` varchar(20) NOT NULL
) ENGINE=InnoDB DEFAULT CHARSET=latin1;

--
-- Dumping data for table `sms_transaksi`
--

INSERT INTO `sms_transaksi` (`no_faktur`, `tanggal`, `id_pulsa`, `no_telp`, `nominal`, `id_admin`) VALUES
('INV-00001', '2019-01-12', 30, '085316727724', '5', 'ADM-00001'),
('INV-00002', '2019-01-12', 28, '08522344356', '50', 'ADM-00001');

-- --------------------------------------------------------

--
-- Table structure for table `topup`
--

CREATE TABLE `topup` (
  `kd_topup` varchar(16) NOT NULL,
  `id_pelanggan` varchar(5) NOT NULL,
  `no_hp` varchar(200) NOT NULL,
  `jml_topup` int(12) NOT NULL,
  `status` enum('D','B') NOT NULL DEFAULT 'D'
) ENGINE=InnoDB DEFAULT CHARSET=latin1;

--
-- Dumping data for table `topup`
--

INSERT INTO `topup` (`kd_topup`, `id_pelanggan`, `no_hp`, `jml_topup`, `status`) VALUES
('TP-120119-00001', 'PL002', '081310818697', 50000, 'B'),
('TP-120119-00002', 'PL003', '082216876845', 50000, 'B');

--
-- Triggers `topup`
--
DELIMITER $$
CREATE TRIGGER `tambah_saldo` AFTER UPDATE ON `topup` FOR EACH ROW BEGIN
	UPDATE saldo_pelanggan SET saldo=saldo+NEW.jml_topup
    WHERE id_pelanggan = NEW.id_pelanggan;
END
$$
DELIMITER ;

-- --------------------------------------------------------

--
-- Table structure for table `topup_tempo`
--

CREATE TABLE `topup_tempo` (
  `kd_topup` varchar(16) NOT NULL,
  `pembayaran_via` varchar(10) NOT NULL,
  `tgl_topup` varchar(20) NOT NULL,
  `tgl_tempo` varchar(20) NOT NULL
) ENGINE=InnoDB DEFAULT CHARSET=latin1;

--
-- Dumping data for table `topup_tempo`
--

INSERT INTO `topup_tempo` (`kd_topup`, `pembayaran_via`, `tgl_topup`, `tgl_tempo`) VALUES
('TP-120119-00001', 'Via Bank', '12-01-2019 13:16:52', '13-01-2019 0:16:52'),
('TP-120119-00002', 'Via Bank', '12-01-2019 13:46:22', '13-01-2019 0:46:22');

-- --------------------------------------------------------

--
-- Table structure for table `transaksi_otomatis`
--

CREATE TABLE `transaksi_otomatis` (
  `id_trans` int(11) NOT NULL,
  `id_pulsa` varchar(200) NOT NULL,
  `no_hp` varchar(200) NOT NULL,
  `nom` int(11) NOT NULL
) ENGINE=InnoDB DEFAULT CHARSET=latin1;

--
-- Dumping data for table `transaksi_otomatis`
--

INSERT INTO `transaksi_otomatis` (`id_trans`, `id_pulsa`, `no_hp`, `nom`) VALUES
(63, 'TEL100000', '082218168904', 100),
(64, 'TEL20000', '082218168904', 20),
(65, 'TEL20000', '082218168904', 20),
(66, 'TEL20000', '082218168904', 20),
(67, 'TEL20000', '082218168904', 20),
(68, 'TEL20000', '082218168904', 20),
(69, 'TEL100000', '082218168904', 100),
(70, 'xl5000', '087714968627', 5),
(71, 'XL-50000', '087714968627', 50),
(72, 'XL-50000', '087714968627', 50),
(73, 'XL-5000', '087714968627', 5),
(74, 'XL-5000', '087714968627', 5),
(75, 'TSEL50000', '081310818697', 50),
(76, 'TSEL50000', '081310818697', 50),
(77, 'TSEL50000', '081310818697', 50);

-- --------------------------------------------------------

--
-- Table structure for table `validasi`
--

CREATE TABLE `validasi` (
  `id_validasi` int(11) NOT NULL,
  `kd_pelanggan` varchar(20) NOT NULL,
  `nm_pelanggan_plg` varchar(40) NOT NULL,
  `no_hp_plg` varchar(100) NOT NULL
) ENGINE=InnoDB DEFAULT CHARSET=latin1;

--
-- Dumping data for table `validasi`
--

INSERT INTO `validasi` (`id_validasi`, `kd_pelanggan`, `nm_pelanggan_plg`, `no_hp_plg`) VALUES
(56, 'PL001', 'deanub', '082218168904'),
(57, 'PL001', 'ikhe', '082218168904'),
(58, 'PL001', 'dea', '082218168904'),
(59, 'PL001', 'dea', '082218168904'),
(60, 'PL002', 'Reinaldy Ganteng', '087714968627'),
(61, 'PL001', 'dea', '0812121'),
(62, 'PL001', 'Reinaldy', '087714968627'),
(63, 'PL001', 'Reinaldy', '087714968627'),
(64, 'PL002', 'tet', '024048104'),
(65, 'PL001', 'reinaldy', '087714968627'),
(66, 'PL001', 'Reinaldy', '087714968627'),
(67, 'PL001', 'Reinaldy', '087714968627'),
(68, 'PL001', 'Naufal Arinal Haq', '081310818697'),
(69, 'PL001', 'Naufal Arinal Haq', '081310818697'),
(70, 'PL001', 'Naufal Arinal Haq', '0813108697'),
(71, 'PL001', 'Naufal Arinal Haq', '081310818697'),
(72, 'PL002', 'Naufal Arinal Haq', '081310818697'),
(73, 'PL003', 'Muhammad Ridwan', '082216876845');

--
-- Indexes for dumped tables
--

--
-- Indexes for table `admin`
--
ALTER TABLE `admin`
  ADD PRIMARY KEY (`id_admin`);

--
-- Indexes for table `auto_transaksi`
--
ALTER TABLE `auto_transaksi`
  ADD PRIMARY KEY (`no_faktur`);

--
-- Indexes for table `bayar_topup`
--
ALTER TABLE `bayar_topup`
  ADD PRIMARY KEY (`kd_bayar`);

--
-- Indexes for table `foto`
--
ALTER TABLE `foto`
  ADD PRIMARY KEY (`id_pelanggan`);

--
-- Indexes for table `inbox`
--
ALTER TABLE `inbox`
  ADD PRIMARY KEY (`ID`);

--
-- Indexes for table `log_pelanggan`
--
ALTER TABLE `log_pelanggan`
  ADD PRIMARY KEY (`id`);

--
-- Indexes for table `no_center`
--
ALTER TABLE `no_center`
  ADD PRIMARY KEY (`id_no`),
  ADD KEY `id_sms_center` (`id_sms_center`);

--
-- Indexes for table `outbox`
--
ALTER TABLE `outbox`
  ADD PRIMARY KEY (`ID`),
  ADD KEY `outbox_date` (`SendingDateTime`,`SendingTimeOut`),
  ADD KEY `outbox_sender` (`SenderID`);

--
-- Indexes for table `outbox_multipart`
--
ALTER TABLE `outbox_multipart`
  ADD PRIMARY KEY (`ID`,`SequencePosition`);

--
-- Indexes for table `pbk`
--
ALTER TABLE `pbk`
  ADD PRIMARY KEY (`ID`);

--
-- Indexes for table `pbk_groups`
--
ALTER TABLE `pbk_groups`
  ADD PRIMARY KEY (`ID`);

--
-- Indexes for table `pelanggan`
--
ALTER TABLE `pelanggan`
  ADD PRIMARY KEY (`id_pelanggan`);

--
-- Indexes for table `phones`
--
ALTER TABLE `phones`
  ADD PRIMARY KEY (`IMEI`);

--
-- Indexes for table `provider`
--
ALTER TABLE `provider`
  ADD PRIMARY KEY (`id_provider`);

--
-- Indexes for table `pulsa`
--
ALTER TABLE `pulsa`
  ADD PRIMARY KEY (`id_pulsa`),
  ADD KEY `id_provider` (`id_provider`);

--
-- Indexes for table `sentitems`
--
ALTER TABLE `sentitems`
  ADD PRIMARY KEY (`ID`,`SequencePosition`),
  ADD KEY `sentitems_date` (`DeliveryDateTime`),
  ADD KEY `sentitems_tpmr` (`TPMR`),
  ADD KEY `sentitems_dest` (`DestinationNumber`),
  ADD KEY `sentitems_sender` (`SenderID`);

--
-- Indexes for table `sms_center`
--
ALTER TABLE `sms_center`
  ADD PRIMARY KEY (`id_sms_center`);

--
-- Indexes for table `sms_transaksi`
--
ALTER TABLE `sms_transaksi`
  ADD PRIMARY KEY (`no_faktur`),
  ADD KEY `id_pulsa` (`id_pulsa`),
  ADD KEY `id_admin` (`id_admin`);

--
-- Indexes for table `topup`
--
ALTER TABLE `topup`
  ADD PRIMARY KEY (`kd_topup`);

--
-- Indexes for table `topup_tempo`
--
ALTER TABLE `topup_tempo`
  ADD KEY `kd_topup` (`kd_topup`);

--
-- Indexes for table `transaksi_otomatis`
--
ALTER TABLE `transaksi_otomatis`
  ADD PRIMARY KEY (`id_trans`);

--
-- Indexes for table `validasi`
--
ALTER TABLE `validasi`
  ADD PRIMARY KEY (`id_validasi`);

--
-- AUTO_INCREMENT for dumped tables
--

--
-- AUTO_INCREMENT for table `foto`
--
ALTER TABLE `foto`
  MODIFY `id_pelanggan` int(11) NOT NULL AUTO_INCREMENT;

--
-- AUTO_INCREMENT for table `inbox`
--
ALTER TABLE `inbox`
  MODIFY `ID` int(10) UNSIGNED NOT NULL AUTO_INCREMENT, AUTO_INCREMENT=95;

--
-- AUTO_INCREMENT for table `log_pelanggan`
--
ALTER TABLE `log_pelanggan`
  MODIFY `id` int(5) NOT NULL AUTO_INCREMENT, AUTO_INCREMENT=14;

--
-- AUTO_INCREMENT for table `no_center`
--
ALTER TABLE `no_center`
  MODIFY `id_no` int(11) NOT NULL AUTO_INCREMENT, AUTO_INCREMENT=2;

--
-- AUTO_INCREMENT for table `outbox`
--
ALTER TABLE `outbox`
  MODIFY `ID` int(10) UNSIGNED NOT NULL AUTO_INCREMENT, AUTO_INCREMENT=258;

--
-- AUTO_INCREMENT for table `pbk`
--
ALTER TABLE `pbk`
  MODIFY `ID` int(11) NOT NULL AUTO_INCREMENT;

--
-- AUTO_INCREMENT for table `pbk_groups`
--
ALTER TABLE `pbk_groups`
  MODIFY `ID` int(11) NOT NULL AUTO_INCREMENT;

--
-- AUTO_INCREMENT for table `provider`
--
ALTER TABLE `provider`
  MODIFY `id_provider` int(11) NOT NULL AUTO_INCREMENT, AUTO_INCREMENT=6;

--
-- AUTO_INCREMENT for table `pulsa`
--
ALTER TABLE `pulsa`
  MODIFY `id_pulsa` int(11) NOT NULL AUTO_INCREMENT, AUTO_INCREMENT=45;

--
-- AUTO_INCREMENT for table `sms_center`
--
ALTER TABLE `sms_center`
  MODIFY `id_sms_center` int(11) NOT NULL AUTO_INCREMENT, AUTO_INCREMENT=3;

--
-- AUTO_INCREMENT for table `transaksi_otomatis`
--
ALTER TABLE `transaksi_otomatis`
  MODIFY `id_trans` int(11) NOT NULL AUTO_INCREMENT, AUTO_INCREMENT=78;

--
-- AUTO_INCREMENT for table `validasi`
--
ALTER TABLE `validasi`
  MODIFY `id_validasi` int(11) NOT NULL AUTO_INCREMENT, AUTO_INCREMENT=74;

--
-- Constraints for dumped tables
--

--
-- Constraints for table `no_center`
--
ALTER TABLE `no_center`
  ADD CONSTRAINT `no_center_ibfk_1` FOREIGN KEY (`id_sms_center`) REFERENCES `sms_center` (`id_sms_center`);

--
-- Constraints for table `pulsa`
--
ALTER TABLE `pulsa`
  ADD CONSTRAINT `pulsa_ibfk_1` FOREIGN KEY (`id_provider`) REFERENCES `provider` (`id_provider`);

--
-- Constraints for table `sms_transaksi`
--
ALTER TABLE `sms_transaksi`
  ADD CONSTRAINT `sms_transaksi_ibfk_1` FOREIGN KEY (`id_pulsa`) REFERENCES `pulsa` (`id_pulsa`),
  ADD CONSTRAINT `sms_transaksi_ibfk_2` FOREIGN KEY (`id_admin`) REFERENCES `admin` (`id_admin`);

--
-- Constraints for table `topup_tempo`
--
ALTER TABLE `topup_tempo`
  ADD CONSTRAINT `topup_tempo_ibfk_1` FOREIGN KEY (`kd_topup`) REFERENCES `topup` (`kd_topup`) ON DELETE CASCADE;
COMMIT;

/*!40101 SET CHARACTER_SET_CLIENT=@OLD_CHARACTER_SET_CLIENT */;
/*!40101 SET CHARACTER_SET_RESULTS=@OLD_CHARACTER_SET_RESULTS */;
/*!40101 SET COLLATION_CONNECTION=@OLD_COLLATION_CONNECTION */;
